nimi,tunnus,nm1990,nm1991,nm1992,nm1993,nm1994,nm1995,nm1996,nm1997,nm1998,nm1999,nm2000,nm2001,nm2002,nm2003,nm2004,nm2005,nm2006,nm2007,nm2008,nm2009,nm2010,nm2011,nm2012,nm2013,nm2014,nm2015,nm2016,nm2017,nm2018,nm2019,nm2020,nm2021,nm2022,nm2023,nm2024
Akaa,020,2.8,2.2,6.2,-5.6,-8.5,-1.8,-3.1,-3.4,2.8,7,-1.4,4.7,7.3,9.3,3.5,3,6.5,6,1.7,2.3,5,2.6,-1.2,-4,-3.4,-0.5,-8,-7.4,-5.8,-3.5,-2.7,3.9,3.2,-1.1,2.4
Alajärvi,005,0.5,-4,0,-5.9,-4.6,-9,-3.6,-10.9,-7.6,-12.5,-9.3,-16,-14.6,-9.4,-4.6,-10.9,-14.5,-8.6,-8.5,-9.7,-12.6,-18.4,-9.1,-7.6,-7.7,-14.8,-10.3,-6,-10.6,-13.4,-12.9,-9.9,-11.2,-13.6,-5.9
Alavieska,009,-2,-7.8,-2.3,5.9,-11.3,-16.6,-7.2,0,-8.5,-15.6,-19.6,-16.1,-3.8,-5.5,-2.8,-17.7,-8.4,-5.7,-22.2,5.1,-3.6,-8.7,-3.3,-7.6,-21.7,-2.6,-11.6,-9.1,-12.7,-18.1,0.4,-10.8,-14.2,-11.5,-5
Alavus,010,-1.7,-2.7,-3.8,-3.7,-9.4,-8.8,-10.1,-1.3,-2.8,-9.8,-4,-8.3,-8.1,-0.7,-0.8,-3.5,-6.4,-2.3,-4.9,-8.4,-10.1,-4.1,-3,-4.9,-9.8,-1.9,-9.9,-14.6,-8.9,-3.3,-9.3,-6,-5.5,-8.4,-12.4
Asikkala,016,5,-6.7,5.8,0.6,-5.8,2.6,-4,3.6,-7.9,5.5,3.8,4.6,1.3,-5.2,-4,6.1,6.5,9.4,-3.1,-2.2,3.7,-1.3,0.2,-4.4,3.5,-2.6,-7.9,-12.3,-4.3,-0.4,3.3,3.4,9,-2.9,-2.5
Askola,018,10.2,10,2.8,2.3,-13.6,-10.9,3.7,-7,3.5,10.6,3.9,5.2,4.7,-0.7,7.8,5.3,10.5,10.5,9.5,6.7,2.3,5.9,9.5,-8.2,9.9,-0.6,-15.2,-9.4,-7.8,-3.4,-10.6,-7.6,-17.7,-10.1,-8.3
Aura,019,17.4,46.9,13,2.2,8.6,-1.5,-12.2,0.3,-4.6,5.1,12,9.8,14.9,13.2,21.3,12.3,6.4,9.2,1.3,-7.5,5.2,9.4,-9.1,-5.3,-4.3,-6.5,-5,-1.5,-3.5,-11.6,-1.8,-3,-4,-2,4
Brändö,035,-1.9,-5.7,7.5,13,18.5,-7.3,-25.9,11.2,-16.9,0,-1.9,-13.8,14,11.8,-11.6,-3.9,-3.8,-11.7,11.7,-17.7,-8.1,-12.4,0,4.2,6.3,-6.4,-4.3,-39,2.2,-8.9,6.7,0,11.1,-29.3,6.9
Eckerö,043,17.5,1.2,14.4,-12,-9.7,9.7,-6.1,-1.2,21.9,7.1,-13.1,10.8,29,3.4,-1.1,11,-9.7,-21.6,-6.5,-16.3,12.9,9.4,-15.5,-14.7,-16,-12.9,-5.4,-5.3,-3.1,-2.1,4.2,-28.6,18.2,-4.3,5.3
Enonkoski,046,-16.5,-12.3,12.3,-3.6,-18.5,-14.2,-28.6,-28.9,-13.8,-3.6,-11.6,-24.9,-8.9,-11.3,1.1,-5.8,-2.3,-5.3,-2.4,-12.8,0.6,-26.4,-12.9,3.9,-4,-6,-6.8,-14.6,-1.4,-13,11.7,4.4,0.7,-9,-7.7
Enontekiö,047,-7.7,4,-10.8,1.2,-10.9,-19.7,-12.5,-4.6,-23,-46.2,-29.7,-13.2,-4.8,-17.1,-10.9,9.5,-1.5,-15.1,-16.5,-15.3,-1.1,14.3,-5.8,3.7,2.6,-7.5,18.8,6.9,-14.4,-3.3,-10.4,0,22.2,-14,4
Espoo,049,2.8,3.3,5.2,7.1,9,15.3,14.7,12.8,10.5,12.7,9,4.7,9.4,0.9,3.5,5.8,-0.1,-1.8,-0.2,-2.1,1,2.8,2.3,0.1,4,4.6,6,4.9,5.1,8.8,-2.1,0.3,7.6,7.7,6.2
Eura,050,3.6,3.4,3.3,2.9,-6.7,-5.8,-4,-2.2,-8.3,-4.6,-6.1,-4.8,0,-5.2,0.9,0.2,-3.5,-6.2,-6.2,-2.8,-3.3,-4.5,-1.7,-3.8,-4,-9.9,-9.4,-5.4,-9.6,-5.8,-4.4,-0.8,-10.5,-5.2,-6.9
Eurajoki,051,3.3,-3.7,4.4,4,-7.5,0,-7.2,-11,-5.5,-13.1,-4.8,-15.5,-7.5,-3.2,3.9,3.6,-3.1,-2.9,-2.3,-4.2,4.3,-7,4.5,-1.1,0.8,-3.4,2.5,1.9,-0.7,-2,8.7,-4.4,-10,-3.7,-5.8
Evijärvi,052,-8.6,-7.2,-2.7,-0.9,-5.1,-9.1,-15.3,-8.7,-22.3,-12.4,-15.5,-13.1,-11.6,-0.7,-12.5,-8.9,-15.6,-6.7,-18.2,-5.4,-3.3,-6.9,-16.9,-5.6,-4.5,-24.9,-8.6,-11.1,-6.4,-10.6,-2.1,2.9,-11.4,-17.2,0.9
Finström,060,-3.2,6.3,9.9,-0.9,-4,-0.9,4,-6.6,-4.4,2.6,11.4,3.5,8.2,11.5,10.9,2.1,1.2,-7.3,4.9,3.2,0,1.6,-4.7,-3.2,-4,-9.1,10.6,-10.1,-2.7,-1.2,-3.1,1.9,-13,-3.5,3.8
Forssa,061,-5.3,-5.6,-4.1,-0.6,-1.7,-10.2,-11,-11.4,-12.8,-11.6,-5.1,-8.7,-4.9,-4.9,-0.7,-5.8,-1.5,-4.8,0.9,-3.4,5.4,-3.6,-4.4,-1.1,-4.3,-0.1,-6.5,-5.2,-3.2,-3.2,0.8,-6.1,-3,-5.6,-10.3
Föglö,062,-11.6,13.2,0,10,16.6,-5,-10,-3.3,0,5,15.1,-15.2,10.1,-3.3,-4.9,-23.3,-11.9,1.7,-24.2,-28.1,17.5,-12.1,-12.1,-17.4,-7,0,-17.9,-23.8,-1.9,-7.5,-15.1,-35.1,19.9,0,4
Geta,065,21.3,-6.3,-2.1,2.1,-25.5,-10.8,32.1,14.7,-8.4,4.2,-8.3,-14.7,-8.5,-4.3,-4.3,-22.1,9,-15.7,22.2,2.2,17.2,-14.5,-4.1,-8,-16.1,-6,4,-16.1,19.8,-41.6,13.9,-3.9,9.9,-2,2
Haapajärvi,069,-2.6,-2.1,1.2,-4.3,-7.9,-10.2,-6.5,-6.2,-11.1,-19.6,-12.7,-12.8,-5.6,-11.6,-9.8,-18.7,-7.5,-4.1,-13.3,-9.7,-11.1,-7.1,2.1,-5.9,-15.4,-7.6,-16.1,-11.4,-15.6,-15,-12.9,-15.3,-11.6,-16,-6.4
Haapavesi,071,4.7,-2.1,1,-8,-6.6,-10.5,-14.1,-11.3,-12.3,-10.1,-15.7,-13.9,-11.3,-6.1,-14.5,-11.4,-21.6,-5.3,-6,-17.6,1.5,-11.5,-18.8,-8.1,-15,-4.7,-11.8,-20.2,-12.9,-14.5,-16.7,-9.9,-2.4,-18.7,-14.3
Hailuoto,072,-7.5,26.6,15.7,20.5,-5.1,-4.2,33,-1,-2.1,18.5,-6.2,15.5,0,16.4,10.2,-12.3,42.8,-8.1,39.7,-8.8,-8.9,8,-10.1,14.1,4,-1,5,-26.5,10.3,-5.2,3.1,10.5,20.9,-5.2,-5.3
Halsua,074,-4.8,-15.7,-1.8,-3,-2.4,-7.9,4.3,-15.4,-20,0.6,-33,-10.4,-17.8,-2,-24.4,-7.6,-21.8,-13.6,-16.1,-15.7,-21.4,-8.6,-19,-11.3,-9.8,3.3,-7.4,-27.6,-8.6,-24.4,-13.5,-6.4,-18.7,-29.1,-16
Hamina,075,-1.4,-1.3,-2.6,-2.6,-3.5,-7.3,-4.5,-2.7,-3.3,-4.6,-4.3,-7.1,2.2,2.1,5.4,1.1,-5.3,-5.1,-6.1,-3.2,-3,-2,-5.1,-2.9,-6.3,-5.7,-5.6,-1.1,-3.5,-1.6,-6.2,0,0.2,-5.6,-8.7
Hammarland,076,6.5,14.4,17.2,1.5,0,-14.7,21.5,8.3,-8.3,-5.2,-8.2,9.5,14.5,-7.3,11.6,-11.5,16.4,-17.7,-2.8,13.1,18.2,-6.6,-5.2,3.9,-9.8,-6.5,-21.7,11.1,-1.9,3.2,-14.5,11.2,3.1,0,-0.6
Hankasalmi,077,-9,3.3,-4.9,1.3,7.3,-6,-3.7,-0.3,1.2,-2.2,-9.5,-4.7,-9.2,-3.6,7.9,3.8,-0.7,-8.3,7.1,2.4,6.7,-5.6,-1.3,-7.9,-10.5,-6.6,-10,-12.8,-5,-3.5,-9.1,-9.3,-2.6,-11.4,-1.1
Hanko,078,-9.1,-9.9,-12.3,-9.1,-14.8,-14.6,-20.1,-17.9,-11.8,-8.3,-8.9,-3.9,-2.8,-8.1,-1.9,-6.8,-9.8,-6.9,-7,-9.9,-13.3,-5.2,-14.2,-13.4,-7.8,-10.3,-20.2,-12,-11.2,-15.6,-13.9,-3.7,-9.5,-6.6,3.5
Harjavalta,079,-13.2,-11.1,-8.6,-7.9,-11.6,-7.3,-10.8,-7.2,-17.1,-4.1,-12.5,-10.6,-8.5,1.2,-1.6,-7.7,5.5,-6.5,-7.4,-2.6,0.7,-5.2,-0.4,-5.4,-6.4,-2.9,-6.7,-2.9,-13.6,-5.3,-1.2,-5.6,5.3,-4.2,-1.3
Hartola,081,12,-8.8,-5.6,-2.6,-4.3,-7.2,-11.8,-8.7,-1.3,1.8,-10.1,6,-2.9,-6.4,-6.2,0,-24.9,7.6,-15.3,-7.6,1.2,-9.3,-15.7,-20.9,0,-23.8,-9.1,-11.4,-19.8,-16.8,-4.1,-0.8,0,-6.3,-10
Hattula,082,4.3,5.2,14.9,5.3,-8.6,-4.8,-2.4,-2.9,-6.5,1.1,-6.7,-1.3,-1.1,1.4,4.2,0.5,8,-3.8,14.1,1.4,1.6,-0.9,-1.5,-8.1,-0.4,-3.1,-7.8,-8.9,-11.7,-3.4,0.2,2.7,-1.9,4.8,-1.3
Hausjärvi,086,18.4,10.1,4,-4.3,-3,-1.8,-2.3,1.2,-6.8,-1.2,3.2,7.2,-1.7,11.1,3.5,6.9,8.3,0.9,6.3,-0.3,-1.5,-4.3,1,-9.1,-0.8,-12.7,-8.1,-18.3,-7.7,-18.2,-5.7,-3.2,-11.6,-0.5,-11.4
Heinola,111,0,-2.4,-2.9,-1.2,-5.5,-7.4,-7.8,-6.2,-7.9,-9.5,-8.9,-7.9,1.8,-0.2,1.3,-7.4,-3.7,3.3,-0.5,-3.9,-2.2,-1.2,-2.9,0.6,-9.3,-0.7,-6.3,-4.8,-8.5,-5.9,-0.6,2.7,-0.3,0.1,3.2
Heinävesi,090,3,-14.3,0.8,-6.3,-8.3,-8.8,-15.8,-11,-4.8,-8,-9.5,-2.2,2.2,-9.4,-5.6,-12.2,-6.8,-10.7,-12.2,-12.7,-2.8,-13.2,-11.1,-12.1,3,-11.6,-3.4,-6.9,-13.9,-7.3,-0.6,-7.3,-12.6,-14.5,-16.5
Helsinki,091,-1.9,0.7,-0.1,5.7,8.3,11.9,10.4,8.7,8.7,6.1,4.9,3.9,-2.9,-5.3,-3.5,-2.5,-0.3,-1.2,1.8,2.9,1.8,2.8,5.3,6.7,5.9,5.7,5.2,7.9,3.8,2.7,-1.6,-6.4,-1.5,3,4.9
Hirvensalmi,097,-4.6,1.1,6.7,0.7,4.6,-7.2,-12.1,4.1,2.2,11.9,3,-1.1,-3.4,9.6,1.5,13.6,7.4,-2.8,1.2,-6.5,8.6,-11.6,-7.1,-4.2,4.3,-6.5,-1.3,-9.3,-22.3,5.6,16.3,0,-8.1,-23.1,11.6
Hollola,098,2.3,5.4,0.3,-4.8,-9.8,-7.5,-10.2,-5.3,-3.3,-7,6.8,-5.1,-1.1,4.1,5.5,3.3,-3.2,6,3.3,-0.4,2.5,-0.1,-3.6,-5.5,-5.5,-5.3,-4.6,1.9,-5.3,-6,-4,-5.3,-4.3,0.5,1.4
Huittinen,102,-1,-3.1,0,-5,-2.6,-4.9,-0.3,-3.9,-8.2,-4.6,-1.7,-1.3,-4.9,-1.6,-0.7,-1.9,-2,-3.2,-1.2,0.4,-0.7,-2.8,1,-2.2,-5.4,-3,-5.4,-12.7,-3.6,0,-3.8,-0.7,-4.6,-7.7,-9.6
Humppila,103,-5.5,-4.1,-6.7,5.3,3.7,-3,-7.5,-26.7,1.5,-0.4,-0.8,11.9,-1.5,-4.6,3.9,-0.8,-5,-2.7,-10.6,-3.2,-4,-1.2,-1.2,-10.9,-6.5,-18.6,-12.3,-19,-15.9,-14,0.5,2.3,4.2,-11.7,-8.1
Hyrynsalmi,105,-13.5,-9.6,-9.2,-1.8,-14.1,-12.5,-12.6,-25.6,-17.6,-21.3,-16.7,-26,-17.4,-15.4,-13.5,-7.7,-14.4,-8,-18.5,-18,-13,-10,-10.2,-5.8,-18.2,-14.7,-0.4,-15.2,-9.1,1.8,-13.9,-12.9,-3.3,-1.9,-17.7
Hyvinkää,106,-2.7,-4.8,-0.4,1.1,-4.2,-2.8,0.2,2.2,5,5.2,2.3,1.4,0.3,1.1,3.1,2.7,5.1,3.6,2.3,1.8,0.6,-2.9,-1.9,9.7,1,0.5,0.3,0.2,-4.8,0,2.9,4.2,-4.9,-3.3,0.7
Hämeenkyrö,108,12,1.3,9.6,3.2,2.5,7.2,0.7,12.2,7,4.6,-1.3,2.4,0.8,4.4,7.3,8.8,4.8,5.6,5.6,9,2.8,3.4,0,8.1,0.5,5.4,-0.7,-9.5,-4.1,-6.7,-5.1,-1.8,-2.2,7.8,5.4
Hämeenlinna,109,3.1,0.5,-1.6,-1,1.1,0,0.3,2.3,2.7,4.7,2.6,3.5,4.6,4.5,3.4,3.3,7.4,6.4,7.9,6.1,4.7,3.7,0,1.9,0.6,-0.6,-3.8,-2.7,1.3,3,4.2,3,0.7,-0.2,-3.9
Ii,139,5.1,8.5,0.7,4.4,-4,-5.6,-2.5,-12.7,0.5,-7.7,-5.7,0.4,-0.8,-3.8,14,14.8,6.2,6.3,4.9,3.2,5.1,6.2,0.3,-1.7,-2.3,-5.6,-7.8,-10.2,-10.3,-1.5,-1.7,6.8,-5.6,-9.7,4.4
Iisalmi,140,2.5,-5.9,-0.8,-2.2,2.1,-5,-3.7,-8.9,-6.8,-9.9,-12.8,-8.9,-1.9,-6,-1.2,-8.7,-6.9,-0.3,-1.1,-5.8,-3.6,1.2,1.4,-1.7,-3.6,-7.2,-6.5,-4.4,-5,-2.3,-5.6,-2.8,-5,-9.1,-5.7
Iitti,142,8.9,-4.6,-9.7,-3,-0.1,-0.3,1.8,-5.6,0.8,-8.2,5.1,-11.6,-1.9,1.1,3.7,-4.8,0.7,-0.6,-9.8,-3.4,-4.1,3.4,-1.1,8.2,-3.3,-0.3,5.5,-5,-3.5,-0.9,-5.8,-0.5,-1.5,-1.4,3.7
Ikaalinen,143,1.2,-0.1,-5.2,1.6,2.8,-10.1,-8.7,-2.6,-7.4,-3.2,-5.7,-3,-7.6,1.1,-0.1,-1.2,-0.5,1.3,0.8,2.2,2,-6.1,-3.3,-4.2,5.8,-8.7,-5.2,3.8,-8.8,-1.3,-5.9,5.2,1,0,-3.8
Ilmajoki,145,1.8,-2.5,-1.9,-1.6,-8.3,-7.3,-6.9,-10.5,-5.6,-3.3,-0.6,-8.9,-2.2,-3.3,4.3,-2.3,2.9,7.9,0.8,0.9,5.2,3.6,4.3,4.6,6.2,-2.1,-0.7,2.3,-2.1,3.9,-1.2,0.4,-2.3,-4.2,1.9
Ilomantsi,146,-1.1,-3.7,-2.3,-2,-0.5,-5,-13.4,-5.6,-15.5,-24.1,-15.3,-25,-10.2,-12.4,-12.4,-10,-4.1,-9.4,-10.8,-0.5,-9.6,-3.2,-12,0.2,-8.3,-21.6,-2.5,-5.2,-12.9,-9,-4,-8.1,-10.1,-0.7,8
Imatra,153,-8.6,-9.2,-9.8,-8.5,-10.3,-6.1,-7,-6.3,-5.6,-9.4,-4.8,-7.1,-3.5,-6.3,-4.7,-3.1,-3.6,-8.5,-6.9,-6,-3.9,-1.2,-3.1,-1.9,-2,-2.8,-7.4,-6.3,-8.1,-11.1,-10.3,-9.7,-10.9,-11,-6.8
Inari,148,13.9,3.8,4.9,0.9,-6.5,-6.2,-14.2,-8.4,-22.8,-19.2,-10.4,-15,-5.2,-7.4,-7.9,-7.8,-9.7,-6.9,-10.9,0.6,-10.8,-5.2,0.9,7.5,6.8,1,8.4,4.7,10.4,-1.7,-2.5,22.4,7,9.3,10.6
Inkoo,149,12.6,13,-3.7,-2.7,-3.9,-9.8,3.3,4.1,-3.9,-1.4,6.8,16.2,10.4,4.4,12.3,27.5,10.3,12.9,16.3,4.5,-14,1.6,-6.3,0.5,-1.8,-2.5,4.3,-18.8,-14.7,0.7,-8.2,6,6,4.8,7.2
Isojoki,151,0.7,-1,7,7.6,-1.7,-2.8,0,-2.1,-12.1,-5.8,-7.7,-4.9,3.8,-0.4,0.4,-6.6,-4.3,0,-13.3,-17.3,-0.4,-9.3,-18.9,-4.8,-6.3,-15.3,-5.7,-17.5,-4.5,-6.1,-5.2,-7.9,-9.1,-1.1,0
Isokyrö,152,2.1,7.7,4.1,-2.6,-4.7,-8.1,1.3,-2.1,-5.9,-2.9,-7.1,-9.4,-3.1,-2,2,-5.5,-0.8,-2.8,-5.4,-5.6,2.8,-5.3,-9.2,-11.3,-3.5,-12.3,-11.8,-2.1,-10.4,-11.6,-1.8,7.6,-7.4,-7.1,-0.9
Janakkala,165,3.8,4.7,-1.2,-0.3,-2.1,-6.3,-9.4,0,-1.3,3.8,0.5,-1.9,6.4,1.5,8.2,15.5,14.8,17.4,9,8.9,4,2.7,-4.7,-5.4,-2.1,2.7,-7.3,-4.3,-6.6,0.2,-7,7.6,-0.5,-4.7,-6
Joensuu,167,2,4.5,5,3.1,3.9,-1.2,-1.3,-3.6,-4.9,1.2,-1.1,0.7,-0.9,4.2,-0.2,0.9,-4.7,-5.5,2.6,-0.4,4.8,1.5,0.2,0,4.6,4.6,2.1,1.4,5.9,2.5,0.3,0.8,-2.1,-1.8,-3.1
Jokioinen,169,4.7,-0.4,2.5,2.7,-9.6,12.1,-1.6,7.7,-6.6,-16.3,2.1,-5.6,-8.8,3.9,5.8,-3,-7.8,5.4,-5.4,-6.1,-9.1,-8.6,-5.7,-7.8,-11.9,-14.6,-11.5,-8.5,-14.7,-8.5,-9.6,-1.4,-7.2,-9.9,-13.7
Jomala,170,7.7,10.8,4.9,1.9,3.5,2.5,2.8,10.7,7.1,16.8,14.5,3.3,22.1,6.7,16.4,26.1,5.8,18.8,21.3,17.9,3.9,24.4,16.7,5.9,19.1,6.3,11.9,6.2,18,26.7,11.9,8.8,14,10.4,11.3
Joroinen,171,1.7,-2.5,-4.5,-6,-0.3,-10.7,-8.4,-9.1,-10.4,-11.7,-7.4,-5,-7.3,0.2,-9.3,-1.2,-2,-13.2,-0.9,-8.1,-2,-8.6,-7.5,-4.8,-4.8,-4.1,-9.3,-15.9,-16.9,-5.6,-11,-10.1,-13.1,3.9,-7.4
Joutsa,172,6.8,8.5,-6,6.8,-11.7,-4.6,-0.2,-8.3,-8.9,-10.7,-11.8,-3.9,-0.7,-4.3,-4,5.2,1.5,-6.9,-3.3,2.2,-1.2,-8.2,0,-1,-7.3,-9.9,8.3,-8,-6.4,-5.2,-1.4,7.2,-6.4,-6.5,-26.7
Juuka,176,-7.1,0.8,0.7,-6.9,-11.7,-10.7,-9.4,-5.9,-15.5,-8.2,-7.4,-7.5,-11.7,-14.3,-5.2,-18.5,-10.7,-11,-5.5,-1.6,-11.5,-16.1,-13.2,-11.2,-2.1,-7.3,-4.6,-11.9,-6.3,-7.9,-2.6,0.9,-2.5,-10.7,-7.8
Juupajoki,177,8,-5.1,-6.7,-1.2,-17.2,-11.7,-12.7,-0.4,-5.8,4.6,-6.3,-23.5,-22.8,5.8,12.4,-21.3,-4.5,2.3,-11,-19.1,-9.5,-20.3,-11.8,10.8,1,-15.9,-12.7,-20.2,-5.8,-13.4,-15.9,-3.3,1.7,-24.2,-16.6
Juva,178,-3.7,-3.6,-1,-1.9,-2,-9.8,-14.4,-5.7,-16,3.1,-17,-11,-9.3,5,-1.6,4.1,-1.8,-11.6,-5.3,-4.6,-6,-7.1,-11.1,-6.4,-0.5,-5.2,-8.5,-7.1,-8.8,-8.1,-16.9,2,-2.4,-7,-3.7
Jyväskylä,179,1.2,2.5,3.8,1.5,5.4,5,6.3,5,4.2,6.3,8.9,11.7,5.6,8.1,6.2,2.6,0.2,1.9,3.3,3.6,1.5,2.1,2.5,1.4,1.8,5.3,4.6,6,6,4.2,2.6,2.3,4.9,2.7,-0.8
Jämijärvi,181,-1.7,-7,-1.3,9.5,-4.5,-2.9,2.5,-8.8,5.1,0.4,-12.4,-6.5,3.1,-7.1,-8.9,-19.5,-10.1,-2.3,-16,-11,-1,-7.4,-8,-9.1,9.6,-25.9,-6.2,-11.6,-18.5,-20.9,-5.8,2.9,3.6,3,-9
Jämsä,182,2.2,2,0.4,0.2,-7.5,-5.1,-4.2,-7.7,-7.3,-8.1,-5.9,-3.8,-3.8,-3.3,-2.6,-6.6,-4,-7.3,-7.2,-8.4,-8.5,-6.3,-3.3,-5.6,-7.9,-6.9,-7,-11.1,-7.4,-13.3,-7.1,0.7,-7.7,-6.6,-4.9
Järvenpää,186,9.1,12.2,8.9,5.5,-3.9,-6.4,-7.8,0.4,3.3,1.3,5.7,5.8,-1.1,5.8,-2.6,-3,-5.4,3.4,-1.8,3.6,-8.6,-1.6,9.4,0.7,5.5,6.5,7.8,20.9,15.7,4.7,12.2,12,5.6,5.3,-3.1
Kaarina,202,10.8,0.7,3.4,4.7,-3.4,-2.7,-2.7,0.1,2.7,9,9.3,12.7,4.4,6.6,11.5,13.6,9.4,8.8,6.9,7,-1.3,-0.4,2.1,9,6.2,8.1,2.5,8.8,9,10.9,18.4,18,8.7,7.7,3
Kaavi,204,-2.4,-4.7,1.4,-6.7,-10.1,-14.6,-2.9,-5,-15.1,-15.9,-12.8,-14.2,-5.4,2.5,-1.1,3,-4.2,-12.2,-2,-2.3,-6.5,3,-14.9,-8.5,-7.4,0,-2.5,-19,-1.3,-13.3,-14.7,0.4,-17.2,-8.3,-2.3
Kajaani,205,-1,-3,-3.7,-5.6,-6.7,-6.7,-7.2,-11,-4.2,-8.3,-12,-8.2,-9.9,-10,-7.6,-10.3,-8.6,-6.7,-6,-4.3,-8.7,-8.9,-7.1,-10.3,-8,-7.5,-8.6,-6.3,-8.2,-6.9,-3.7,-7.6,-10.1,-10.7,-13.1
Kalajoki,208,-3,-1.6,-1.1,-3.1,-3.7,-9.2,-10.3,-9.9,-12,-7,-9.1,-10.3,-5.7,-1.2,-2.2,-2,-3.2,2.3,-0.1,-3.8,-2.5,-1,-1.7,1,-4.7,-3.4,-5.2,-12,-10,-1.8,0.5,-1.6,-6.5,-4.3,-7.6
Kangasala,211,7.3,2,0.6,3.4,-7,-2.1,-6.7,0,-2.5,4.6,10.5,8.8,13.2,11.4,12.4,16.4,10.1,5.9,7.5,1.8,-0.4,2,3.3,1.5,0.1,2.4,12.8,6.8,6.4,3.6,7.8,11.7,9.9,14.2,12
Kangasniemi,213,2.8,-3.9,5.1,-4.7,-4.9,-3.1,1.3,-8,-5.2,-12.6,-1.3,-9.5,-5.7,-4.5,-6.6,-2.1,1.8,-8.4,1.1,-2.8,-3.3,-6.1,3.6,1.9,-6.1,-1.4,7.7,-0.2,-2.5,-1.1,6,-1.7,-3.1,-4.7,0.6
Kankaanpää,214,-6.2,-6.7,0.7,-3.1,-6.7,-4.7,-9,-7.4,-6.4,-8.2,-10.1,-2.2,-12.4,-5.1,-9.9,-4.7,-7.3,-14.7,-8.1,-9.1,-8.8,-6.4,-9.7,2,-7,-7.7,-12.1,-8.6,-10.6,-15.4,-7.7,-6.6,-7.4,-8.3,-7.3
Kannonkoski,216,13.4,-8.3,0,0,-1.1,-7.5,-18,-0.6,-5,-9.6,-9.7,-21,-2.4,-7.9,2.5,3.7,9.2,-9.8,7.5,-11.3,1.3,-8.3,14.2,-13,-17.4,7.5,-16.6,0.7,-31.1,3.7,-3,8.4,-15.5,-24.1,-2.5
Kannus,217,0,-3.1,-7.3,5.6,0.2,-7.1,-13.8,-5,-4.6,-12.9,-12.1,-13.5,-3.3,-11.5,-10.2,-10.3,-8.3,-7.7,-14.8,3.6,-13.9,-6.6,1.6,-11.9,-12.5,-10.1,-6.6,-11.7,-6.2,-8.8,-6.2,-7.2,-5.2,-17.9,4.9
Karijoki,218,5.6,-15.3,8.7,10.1,-16.3,-11.9,-11,1.6,-10.3,-11.5,-8.4,-7.4,-3.5,-4.7,12.4,-1.8,-26.7,-15.6,8.2,-22.6,1.3,7.9,-3.3,-29.6,-26.5,-15.1,-0.7,-14.2,-23.8,-9.5,-19.6,-10.8,10.9,-2.5,-1.7
Karkkila,224,10.3,10.3,-9.2,-19.3,-22.2,-8.7,-1.3,7.3,10.4,7.7,3.5,-3.2,2.2,2.9,2.7,-0.8,9.4,0.3,3.2,2,10.9,-7.6,-11,-6.4,-8.8,2.3,-4.3,1.3,-8.8,-2.4,0,6,-7.3,-7.2,-10.6
Karstula,226,10.7,-3,-0.7,-3,-6.5,-8.7,-4,-11.1,-10.7,-8.1,-16.5,-15.1,-11.2,-6.3,-9.6,-10.1,-10.9,-4,-7.9,-7,-6.8,-1.3,-14.3,-1.6,-7.9,4.2,-2.4,-9.5,-19.1,-15.8,-10.8,-10.7,-8.9,-6.3,0
Karvia,230,-16.3,-2.4,6.9,-6.6,0.9,-0.6,-10.5,-8.8,-15,-15.6,-12.9,-6.7,-2,-9.2,-9,-13.3,-11.8,-0.7,-5.5,-14.4,-6,-2.7,-13.6,2.8,-2.8,4,-1.6,-11.5,2.9,-10.1,-1.7,-2.2,-12.8,-1.8,-14.1
Kaskinen,231,-3.9,-13.6,-2.9,-13.4,-34.6,-31.4,-14.5,-16.7,0.7,-17.8,47.6,-9,0.6,7.7,-14.3,-24,17.4,-8.7,3.4,-29.5,0.7,-11.3,-17.9,-12.4,-11.2,-36,12.4,-12.5,6.3,-4,5.5,14.8,-25.9,-53.6,12.2
Kauhajoki,232,-0.3,-1.8,-4.9,-2.4,-5.8,-9.4,-10.5,-6.5,-10.6,-4.5,-12.8,-8.6,-3.5,-2.9,-3.4,-3.3,-0.6,-1.9,-6.7,-2.5,-7.7,-5.2,-2.5,-4.2,-8,-7.9,-5.8,-9.1,-13.4,-9.6,-9.5,-4.2,-6.6,-10.7,-4.8
Kauhava,233,-3.7,-6.4,-2.7,-5.8,-5.8,-7.6,-6.3,-10.7,-7.8,-5.3,-11,-7.7,-7.4,-3.9,-3.9,-11.8,-9.7,-7.4,-9.7,-12.2,-12.8,-4.2,-4.8,-10,-7.5,-7.4,-8.6,-18.7,-14.6,-18.8,-7,-8.2,-6.3,-10.6,-8.8
Kauniainen,235,-5.4,0.9,26.1,-6.2,1.2,-6,15.5,-0.8,3.2,-1.4,-2.9,-1.6,5.7,-2.4,-19.5,-8.7,-3.1,4.4,-2.7,8.2,6.5,8.6,11.6,18.4,25,2.8,-7.1,22.4,-3.8,15.5,36.7,18.7,-14,-9.9,-2.5
Kaustinen,236,6.3,-3.1,2,0.9,-7.4,-7,-16.1,-2.7,-8,-19.2,-6.6,-0.5,-4.1,-3.2,-11.1,-10.8,-6.9,-7,-0.9,-6.7,-1.9,-14.4,-5.1,-4.2,-5.6,1.9,-3.7,0.2,-9.6,-3.7,-8.7,-1.7,-0.2,-15.6,-3.1
Keitele,239,-3.3,-1.5,2.1,-6.1,-8.3,-11.2,-0.6,-21.8,-8.2,-8.9,-4.7,-4.4,-4.4,-21.9,-3.9,-5.8,-18,-16.9,-0.8,-12,-3.1,5.9,-9.2,-11.8,-6.6,0,-8,-5.6,-14.9,-11.2,-11,-16.9,-14.5,-2,-13.4
Kemi,240,-10.8,-10.9,-5.1,-3.1,-8.7,-8.4,-4.6,-6.4,-14.1,-7.1,-11.4,-10.3,-4.5,-5.1,-7.5,-6.4,-2.2,-6.6,-4.9,-7.3,-10.1,-10.6,-10.8,-9.1,-12.8,-10.6,-9.7,-13.9,-9.6,-13.7,-13.2,-17.9,-19.2,-7.8,-2.5
Kemijärvi,320,-11.3,-9.9,-14.2,-1,-7.1,-15.2,-13.1,-21.7,-25.4,-22.5,-19.7,-31.4,-16,-13,-19.9,-13.8,-18.7,-15,-22.6,-9,-3.9,-4.7,-15.7,-5.5,-3.8,-3.4,-4.4,-3.3,-6.7,-3.3,-0.4,0,-0.9,6.7,-9.2
Keminmaa,241,-0.9,3.2,6,-2.2,-9.9,-5.3,-14.1,-11.9,-11.3,-20.7,-14.7,-9.4,0.1,-3.5,-6.6,3.4,-11.7,-18.2,-11.1,-7.9,-4,-5.9,0.2,-6.6,-10.1,-9.3,-9.1,-4.1,-16.9,-3.7,-9.7,-9.3,-10.6,-8.1,-8.1
Kemiönsaari,322,3.1,-3.7,-1.2,1.3,-3.2,-3.3,-2.5,-7.3,0,-4,3.5,2.7,3,1.5,1.9,2.4,3,2.2,-6.9,4,-7.5,0.3,-8.3,-3.8,-6.3,2.2,1.9,-7.3,-0.7,-8.2,2.7,3.8,0.2,-6.8,-7.9
Kempele,244,2.9,12.8,17.5,-0.6,-2.6,3.5,-2.7,18.5,24.6,24.5,24.3,14.9,15.7,15.8,7.5,18.1,15,5.1,-6.3,9.3,-4,7.3,-0.2,3.1,6.6,0.1,5,6.2,14.8,18,15,8.5,2.7,6.2,1.1
Kerava,245,7.8,0.5,3.3,4.3,1.9,-5.5,-3.5,0.5,-2.5,0.8,-0.5,1.9,2.6,9.8,1.4,-1.5,15.7,16.5,2.3,-0.4,4.8,-2.3,-9.9,2.9,1.9,-6.8,0,-2.3,16.9,9.2,5,-1.5,7.7,5.6,1.9
Keuruu,249,-1.7,-0.2,-3.6,-9,-6.4,-4.8,-5.2,-2.4,-12.2,-8.1,-3.3,-10.3,-14,-6.5,-10.9,-3.5,-13.1,-4.5,-0.6,-9.4,-5.1,-6.9,-4.2,-13.7,-7.6,1.3,-12,-4.5,-6.7,-6.7,-5.6,5.6,-12.1,-3.6,0
Kihniö,250,-5.4,-7.3,-17.2,1.5,-7.1,-12.8,-20.4,-8.2,-9.1,-7.3,-4.5,-12.8,-0.4,8.3,-10.5,-5.9,-9.9,-7.4,-17.3,13.8,-12.5,-16.3,-8.8,-17.8,-10.5,-15.1,-13.4,-13.1,-11.9,-13.8,-15.7,-1.1,-9.5,1.7,-13.3
Kinnula,256,0.4,-0.9,-4.7,-3.9,-12.5,-12.2,-9.7,-1.8,-12.9,-25,-23.8,-21,-22.5,-18,-19.4,-4.6,-15.1,-18.6,-3.8,-15.3,4.4,1.6,-27.9,4.5,5.7,-8.5,-19.2,-25.6,-22,0,-12.4,-6.9,-1.9,-16.2,-11.9
Kirkkonummi,257,9.4,14.4,1.9,3.9,-5,-0.7,8.3,6.2,10.7,6.7,6,9.6,10.9,12.8,20.2,11.9,10.6,8.4,11.8,2.8,0.1,-3,-1.9,-2.6,0,4.8,0.9,-2.1,-1.8,6.4,6.5,2.6,1.6,0.5,2.9
Kitee,260,-3.6,-3.1,-0.8,-6.6,-2.2,-9.1,-10.5,-7.5,-9.6,-9.6,-11.5,-10.1,-11.3,-12,-9.9,-4.4,-11.1,-8.4,-15.4,-9.4,-12.6,-12.2,-11.7,-11.1,-13.4,-8.5,-11.2,-18.2,-5.5,-10.5,-9.6,-1,-10.9,-11.1,-11.5
Kittilä,261,-1,1,-1.4,-4.5,-4.2,-6.8,-7.6,-11.9,-0.7,-13.1,-9.4,0.3,0,6.5,0.9,-1.2,7.7,11.8,13.8,9.1,9.1,13.8,13.7,12.4,-3.7,-11.3,-3.1,-11.1,6.4,3.7,-2.2,14,20.1,24.1,0.1
Kiuruvesi,263,-6.9,-4.1,-6,-3.1,-6.5,-8,-16.4,-9.4,-19.6,-4.8,-11.4,-14,-7,-4.6,-8.1,-8.6,-3.6,-8.7,-6.8,-4.8,-12.1,-6.6,-5.3,-4.4,-6.6,-12.2,-9.5,-9.4,-10.6,-9.7,-10.3,-6.4,-10,-7.3,-5.4
Kivijärvi,265,-28.6,-12,-38.6,-12.7,-33.9,-14.2,-24,-37.8,-35.7,-6.1,4.3,-23.3,-29.2,-2,-14.3,-16,11.2,-30.2,-21,3.7,2.9,-16.3,-16.7,-24.2,-8,-24.5,-14.4,-21.8,-26,-2.7,19.1,2.7,-7.4,-20,-11.7
Kokemäki,271,-2.1,-4.1,-0.3,-2.5,-2,-11.6,-3.8,-4,-7.6,-4.2,-9.4,-5.7,-2.2,-6.5,-0.8,-4.1,-9.4,-6.5,-5.7,-3.3,-8.5,-0.4,-1,-12.1,0,-6.8,-8.4,-10.6,-11.9,-10.5,-3.8,-1.9,0.9,-10.2,-6.1
Kokkola,272,-3.1,-1.1,-0.8,0.6,1,-7.9,-7.6,-4.3,-6,-6.2,-5,-6.6,-2.1,-3.8,-1.9,1,0.5,1.9,-1.7,-1.7,1.3,-0.6,-2,-0.7,-1,-0.3,-3.6,-4.2,-4.8,-3.7,-1.8,-1.8,-0.9,-0.3,-5.2
Kolari,273,-5.1,-11.7,-8.1,-7.7,-20.7,-22.3,-26.7,-19.8,-25.8,-16.4,-24.1,-11.9,5.1,-0.3,0,-10.9,-10.2,-2.9,20.4,3.4,0.3,-3.9,0.8,3.9,-15.5,4.7,0,-7.6,1,7.6,24.4,12.9,11.3,0.2,-1.5
Konnevesi,275,2.3,2.9,-12.5,4.1,12.3,-4.4,-5.1,4.8,-3.9,-2.1,-6.5,1.2,-2.2,-6.3,-0.6,-9.6,-7.8,-3.9,-13.3,1,2.4,-5.8,0,-5.9,-2.8,-19,10.2,-1.1,-10.3,-15.8,-5.7,13.1,-12.1,-0.4,-8.1
Kontiolahti,276,10.1,1.7,-1.8,-7.8,-10.8,-2.7,4.3,0.2,1.7,-1.1,8.1,9,2.4,5.2,10.7,20.5,11.4,11.7,-1.2,0.4,-6.6,8.1,11.5,5.2,7.3,3.5,-7.2,-4.6,-3.4,-7.2,-1.1,7.4,3.6,-5.1,-5.8
Korsnäs,280,-8.2,0,7.3,-19.9,4.4,0,5.2,-6.5,-5.3,3.5,-2.2,-2.7,6.7,-7.2,-2.7,8.6,-6.3,4,-13.9,-2.2,1.8,-4,-3.1,-5.4,-4.5,-10,-14.6,-14.3,-11.7,-12.4,-1.9,-6.8,-3.4,-12.9,-11
Koski Tl,284,0.7,-2.1,1.1,-0.4,-9.5,-6.3,-7.5,1.9,-4.2,-0.8,-5.9,4.3,2.7,3.1,-1.6,2,-2.8,-6.4,-7.3,1.2,0,0.8,10.6,-15.6,6.2,-10.3,8.3,-10.5,-2.1,-9.5,4.3,-0.4,-4.9,-9,2.7
Kotka,285,-2.9,-1.6,-0.4,-3.6,-2.8,-4.3,2.3,-2.8,-0.5,-3.5,-3.8,-1.7,-0.8,-0.9,-0.4,0.5,-3.6,-0.3,-3.9,-4.6,-2.5,-2.9,-3.2,-5.5,-7.5,-3.2,-8,-8.5,-7.7,-10.4,-6.9,-3.8,-7,-3.6,-2.9
Kouvola,286,-1.7,0.6,-1.2,-2.7,-5.9,-4,-6.8,-4.9,-3.6,-4.7,-5.4,-3,-2.2,-2.1,-2.5,-2.8,-4.6,-6.4,-5,-1.8,-1.5,-5,-1.9,-3.8,-4.7,-4.6,-4.5,-9,-6.9,-7.7,-5.2,-3.1,-5.7,-4.2,-4.4
Kristiinankaupunki,287,-6.3,1,-1.9,-8.2,-5.1,0.1,-3.6,-13.8,-10.9,-6,-14.4,-8.2,-3.5,-6.5,-6.4,-11.4,-15.2,-11.8,-10.4,-3.3,-22.2,-15.3,-14.1,-18.6,-26.1,-24.2,-28.7,-35.5,-16.5,-22.3,-16.6,-1.7,-19.3,-23.5,-23.5
Kruunupyy,288,-5.7,-0.7,-4.4,2,-9.2,-6,-7.3,-8.6,-5.5,-2.9,-6,-8.2,1.2,-4.1,-0.4,-5.1,-10.7,2.1,-0.3,-1.6,-3.6,-5.8,-0.6,1.2,-6.7,-0.6,-5.6,-12.6,-3.4,-10.8,-4.4,0.9,-9.7,-8.9,-4.9
Kuhmo,290,-8.9,-11.4,-5.6,-6.5,-14.1,-11.7,-17.2,-20.4,-29,-17,-14.9,-18.9,-12.3,-8.2,-12.3,-12.9,-14.5,-10.6,-10.8,-14.6,-8.3,-8.7,-2.7,-6.3,-7.1,-10,-9.3,-9,-7.2,-6.7,-3.6,0.6,-8.4,-6.9,-3.7
Kuhmoinen,291,0.3,-8.8,-0.9,13.8,0.3,-12.6,-9.1,-4.5,-1,-3,-7.3,-4.1,-1,-3.8,-3.8,-3.5,-9.8,2.9,-7.1,-8.8,-3.9,-8.7,-10.5,1.7,0.8,2.5,0,1.3,5.3,6.3,2.3,14.8,0.9,-2.8,-10.2
Kumlinge,295,-8.5,-17.4,-15.6,-2.2,18,-4.5,4.5,-9.1,-11.4,27.7,-64.6,7.4,10,-30.5,-36.9,-27.5,25.2,13.8,-8.3,30.1,-21.7,5.5,-65.8,-15,0,-15.5,-16,-6.4,6.4,-9.5,-29,0,-9.7,-30.2,-35.5
Kuopio,297,1.1,3.1,1.6,1.3,1,1.3,-0.8,-0.3,-2.8,-1.1,-2.6,1.2,1.2,0.3,-0.8,-1.2,-1.6,0.6,1.7,1.7,1.4,1.3,5.7,5.8,6.3,4.8,4.4,2.9,3.2,4.8,5.7,8.9,6.2,6.1,3.1
Kuortane,300,-7.6,5.7,1.2,2.4,-5.1,-8.1,-19.2,-15.5,0,-3.5,-9.3,-8.3,-7.1,-13.9,-6.6,-3.6,-4.5,-22.8,-7.7,-6.2,-7.3,-7.6,-10.6,-1.3,-14.6,5.4,1.4,-7.4,-11.4,-0.6,0.3,4.2,-9.2,-7.6,-1.8
Kurikka,301,-7.1,-4.7,-3.5,-2.2,-5.4,-10.8,-8.6,-10.2,-12,-6.5,-9.7,-8.6,-3,-0.6,-6.3,-5.3,-4.1,-4.3,-11.4,-7.4,-3.2,-5.5,-7.1,-6.1,-7.1,-13.2,-6.1,-9.1,-6.5,-8.4,-4.1,-4.7,-5.6,-6,-5.3
Kustavi,304,1.7,4.4,-2.6,-21.5,-18.4,0.9,-1.9,-13.4,-5.8,13.7,-7.9,-14.1,13.3,2.1,-5.3,-3.2,-11.9,-8.8,19.9,-12.3,3.4,27.3,13.5,-18.2,28.4,14.6,20,17.5,20.6,33.1,31.4,16.6,-7.3,-3.2,22.9
Kuusamo,305,-2.8,-3.2,-0.2,-1.5,-0.2,-8.5,-10.1,-16.1,-16.1,-20.1,-11.1,-8.3,-4.5,-14,-10.8,-9.7,-9.3,-7.9,-8.7,-9,-11.8,-8.9,-13.4,-13.3,-4.5,-10.3,-12.3,-11.2,-7,-3.8,3.2,3,0.3,-8.3,-11.2
Kyyjärvi,312,4,-6,-14.2,1,-4.6,-12.8,-4.6,-14.1,-14.9,-22.2,-17.7,-10.1,-0.6,-14.2,-21.6,-24.6,-14.7,-14.4,-3.8,-11,-23.7,-3.3,-22.2,-20,-16.3,-14.4,2.9,-14.7,-11.1,-19.6,-5.4,-32.5,-23.1,-12.7,-7.7
Kärkölä,316,5.8,-0.7,-7.6,-3.5,-11.6,-11.1,-15.3,-9.7,-14.9,-4.8,6.2,-11.2,-1,10.3,8.6,-9.4,-4.2,-3.4,1.4,-8,1,-13.6,-6.5,-3.1,-16.2,-8,-15.1,-2,-6.5,-12.5,-7.4,-10,-1.7,-14.9,-1.9
Kärsämäki,317,-13.1,-2.2,-11.7,2.5,-9.5,-13.8,-27,-15,-10.4,-26.7,-12.7,-15.4,-18.2,-4.2,-4.5,-21.6,-6,-7,-12.1,-11.9,-14.9,-16.2,-20.4,-14.2,-8.1,-10.8,-1.5,-8.4,1.1,-8.1,-12.1,-3.9,-14.8,-6.5,-16.6
Kökar,318,6.8,6.7,6.6,-3.3,58.3,-15.8,3.2,15.6,-3.1,-28.6,-46.1,-20.4,26.7,-40,20.4,13.4,-13.3,-34.4,-54.9,-26.8,23.1,-47.2,0,12.1,-19.8,0,-4,-20.7,8.5,-4.3,-39.4,-4.5,-4.5,13.4,-4.4
Lahti,398,-2.3,-1.9,-1.6,-1.2,1.4,-0.3,-0.7,0.1,1.5,1.6,-0.3,2,3,2.1,-2.2,-1.5,0.7,3.1,3.4,3.3,3.1,3.2,3.3,-0.6,1.4,-0.5,4.6,0.4,2.5,-1,1.7,0.4,0,-0.3,-1.2
Laihia,399,0.1,1.3,5.6,-3.1,-6.1,-3.9,-11.5,-5.5,2.5,-2.3,-4.7,0.3,8.1,-8.3,3.7,2.7,9.3,-1.2,-2.5,9,2.9,3.4,2.8,-2.5,2.6,3.2,4.1,-10.7,0.4,-3,-0.1,-7.8,-8,-12.9,1.2
Laitila,400,-3.3,0.7,-6.2,-3.8,-12.3,-4.3,-13.6,-6.5,-2.1,-4.2,-5,-8.4,-9.8,-11.5,-0.2,-1.5,-6.6,-7.4,-2.6,-4.4,-2.6,-5.9,0.4,-1.5,1.4,-6.1,-11.6,4.2,1,-9.1,-18.4,-2.8,-12.7,-17,-5.9
Lapinjärvi,407,-2.1,-4.8,-4.2,-9.8,-12.3,-21.3,-8,4.5,-2.6,-7.5,-11.9,-1.3,0.7,1,1.3,-6.8,3.1,-5.4,3.1,1,-5.5,-7,-7.8,-2.8,-10.4,-1.8,-18.5,-5.5,-8.2,-11,8,-10,-15.7,-21.3,-2.1
Lapinlahti,402,1,3.4,-0.3,-0.9,-7.1,1.6,-2.4,-5,-5.6,-3.3,-7.2,-10.8,-8.2,0.4,-3.4,-9.4,5.8,-2.6,1.6,-6.4,-3.1,-0.9,-9.6,-7.1,-6.3,-5.6,-1.7,-10.6,0.4,-5.8,-5.6,-4.7,-7.1,-6.1,-8.1
Lappajärvi,403,-13,-2.2,2.7,-0.2,-9.6,-13.4,-6.2,-10.2,-8,-10.8,-15.9,-18.3,-18,-6,-7.7,-12.1,-7.1,-10,-12.1,-12,-15,-4.7,-17.9,-18.8,-14.6,-11.7,-15.3,-15.2,-22.8,-18.4,-23,-15.9,-13.4,-17.5,-14.1
Lappeenranta,405,-0.2,0.8,-3.1,-1.8,4.1,-2.6,-0.6,-0.3,-1.4,-1.3,2.6,0.6,0.7,1.3,-0.1,0,-1.7,-2.2,-1.2,-1.1,-1.9,-1.7,-0.5,1,-0.5,-2,-2.2,-1.3,-3.2,0,1.5,-3.1,-6.6,-4.3,-9.7
Lapua,408,1,-0.3,0.2,3,-1.3,-6.3,-8.8,-8.4,-1.6,-4.6,-9.6,-7.9,0.6,-0.2,0,3.2,0.9,2.2,0,3.6,6,1.4,2.1,-0.6,1.6,-10.1,-1.9,-3,-5,-8.4,0.1,2.8,-2.2,-9,-1.6
Laukaa,410,8.6,10.1,2,-4.7,-2.9,-3.2,-2.1,0.5,1.5,-8.8,2.7,3.1,4.8,6.4,6.2,2.3,6.5,9.8,3.6,7,2.3,3,4.1,-0.2,-0.2,2.8,2,-1,-4,-3.1,-4.9,-2,-0.8,-2.3,0.2
Lemi,416,10.9,0.6,5.7,18.5,0.6,-19.5,-4.8,3.5,3.5,-3.8,-1.9,4.5,-5.4,8.3,-7.4,-1.3,-14.9,2.6,1.3,-2,9.8,-3.6,-3.6,20.7,-0.6,-16.5,3.3,-2.6,-2.6,-13.6,4.4,-10.9,-5.5,-2.4,1.1
Lemland,417,25.7,30.7,18.5,-5.1,12.3,11.3,12.4,30.4,3.9,11.7,15.3,16.9,21.3,-8.4,16.1,-6.5,18.1,21.7,0,-12.3,-1.7,18,11.2,14.7,-0.5,19.3,-0.5,2.5,-9.8,-1,18.2,4.2,-0.9,-6.1,-10.3
Lempäälä,418,1.2,7.1,0.5,5.6,6.1,0.7,-2.9,8.5,4.8,11.6,16.4,22.5,13.8,9.9,12.5,19.2,15.9,19.9,16,10.1,9.9,3.6,18.6,9.7,9.5,7.3,4.1,0.1,13.9,9.8,7.3,9.7,14.2,1.8,1
Leppävirta,420,1.5,-2.3,4.2,-0.3,-8.7,-3.6,-5.9,-6.5,-9.5,-3.7,-8,3.6,-1.4,1.7,-2.3,3.6,-1.2,-2.5,-9.7,-8.8,-6.1,-7.5,-9.7,-4.9,-9.5,-2.5,-3.5,-2,-7.9,-15.3,0.8,-4.5,-4.1,-8.2,2
Lestijärvi,421,1.8,-16.3,-3.6,-0.9,-5.4,12.5,-4.5,-15.4,-22.3,-29.6,9.7,-32.3,-7.1,-8.2,-17.6,1,-13.7,-42.3,-16.8,-11.5,-1.2,1.2,-2.4,-14.5,-4.9,-16.1,16.2,-18.8,-56.4,-15.1,13.9,-4.2,-21.2,8.7,-22.3
Lieksa,422,-5.2,-4.6,-3.9,-3.5,-12,-11,-15.1,-10.3,-16.3,-16.5,-10.5,-7.8,-14.5,-10.9,-15.1,-16.3,-9.3,-14.6,-13.9,-4,-4.9,-10.4,-10.2,-5.9,-10.6,-20.4,-12.2,-13.6,-10.6,-17.8,-7.6,-10.6,-9.1,-8.3,-15.9
Lieto,423,6.6,6.3,10.4,-1.1,-0.3,-8,8.6,11.6,16.2,18.2,16.6,6.3,9.5,7.2,5.9,2.9,11.7,5.7,3.9,8.6,10.3,14.5,12.9,0.3,1,-2,5.7,7.2,9,8.3,5,5.1,6.6,3.9,-1.7
Liminka,425,12.4,20.5,17.6,4.6,6.5,1.5,-1.6,-3,-13,-2.3,8.8,18.9,30.6,31.9,60.7,40.5,43.6,32.3,2.1,12.4,0.3,0,9.8,-0.5,3.9,5.3,-4,1.9,-5.4,-4,-6.7,-8.7,-3,-10,-13
Liperi,426,1.7,-0.4,7.8,-0.7,-4,4.8,-5.3,-1.7,-10.8,-9.1,2.6,-1.1,0.1,3.1,13.2,7.2,4.8,6.3,2.3,4.1,8.9,-3.3,5.6,-2.9,-7.3,-0.9,-6.5,-9.4,0.2,-3.7,-6.2,-0.8,3.9,0.3,-3.9
Lohja,444,0.9,-0.7,-2.9,-1.4,-2,-0.7,-4.6,1.6,5.1,8.4,7.1,5.6,1.4,6.6,1.3,7.4,3.8,4.4,4.3,2.5,3.5,-2.8,-1.1,1.9,-3.8,-6.5,-2.8,-4.9,-8.8,-4.1,0.5,3.2,-1.4,-3,3.3
Loimaa,430,-3.6,-5.2,-0.2,-5.3,-2.6,-3,-0.4,-3.9,-3.1,-1.8,0.4,0.6,-6.4,-0.2,0.9,0,0.3,-1.4,-3.3,-1.8,-2.7,-1.6,-3,0.5,-2.2,-4.1,-4.9,-1.8,-2.4,-2.6,-4.6,-3.6,-7.5,-3.3,-3.6
Loppi,433,17.3,12.9,6,-2,1.3,-9.7,-2.8,6.4,2,-4.8,10.5,2.1,9.6,12,9.1,18.7,5.9,12.2,3.7,8.2,3.9,8.3,-4.3,0,-8.1,-10.7,-8.2,-10.8,-15.1,-1.8,5.2,-5.2,-3.2,-0.6,-3.3
Loviisa,434,1.4,-2.6,-4.7,-8.9,-11.2,-7,-8.4,-4.9,0.4,-4.4,-4.5,-6.5,0.1,1.1,3.8,4.5,6.7,1.8,-4.3,0.4,5,-1.6,-2.6,-0.5,2.6,-5.3,-2.3,-1.7,-5.2,-1,2.9,-0.8,-1.7,-4.1,-5.3
Luhanka,435,-7.7,-9.5,-4.4,-27.7,-17.6,-2.8,-29.1,-13.1,-17.5,4.2,-16.9,-10.8,5.5,2.2,-3.3,-3.4,-23.1,18.8,-3.6,0,9.6,-12.2,-24.1,1.3,15.7,14.5,15.8,-4,-13.9,5.7,25.9,30,5.7,20.1,22.6
Lumijoki,436,21.2,25.6,0.6,-21.2,4.8,0.6,-30,22.7,-7.1,-4.1,4.2,-3,15.1,2.9,5,21.9,9.6,-8.5,15.1,9.1,-11.5,10.9,3.4,6.8,-9.6,-9.2,7.7,-15.8,-16.9,-15.7,-8.4,-11.3,-15,-4.5,-19.3
Lumparland,438,12.6,21.6,12.2,15.1,12,9,20.8,11.6,25.1,-30.3,32.7,21.1,-34.8,50.7,0,10.4,5.2,-28.4,-7.8,10.3,-2.5,-2.5,-17.7,17.4,-2.4,-46.6,-10.2,28.2,-28.3,-10.7,-8.1,10.7,-21.7,5.5,24.4
Luoto,440,3.3,5.7,5.3,-12,-2.1,-11.3,-7.1,8.5,-13.1,-0.5,-3.9,-7.8,2.4,1.7,0.2,-4.1,0.2,1.1,-1.3,2.1,1.5,-3.5,-5.7,2,-6.5,-7.8,-8.1,0,-1.7,0.6,6.4,0.5,-2.8,-1.6,-11.1
Luumäki,441,1.8,3.4,3.2,-5.3,-12.6,-1.1,-0.2,11.6,-9,-4.7,3.6,7.7,3.5,-3.8,-3.4,8.9,-5.1,1.7,3.5,5.8,-2.3,-3.5,-10.3,3.8,-0.8,-9.2,1.2,-9,-7.2,2.6,-5.2,2.4,-4.9,-7.3,0.5
Maalahti,475,7.5,1.3,-3.6,0.7,-1.2,-9.9,5.5,-7.1,-4.7,-12.6,-2.1,-9.6,1.4,-0.2,1.8,1.6,1.1,-4,4.9,-1.1,2.7,1.4,-1.8,0.2,-3.8,-2.7,-4.9,-8.9,0.2,-1.3,-1.5,6.8,4.4,-8,-4.8
Maarianhamina - Mariehamn,478,-0.9,-5.2,-4.2,3.3,3.7,2.3,-1.9,-2.6,9.6,-1.9,2.6,10.9,0.6,-1.8,-0.5,-0.1,-0.9,-2.8,1.9,2.9,-1.9,-1.2,5.9,2.1,4.3,-0.7,7.9,3.8,5.1,-8.6,-0.9,-6.1,-0.5,-1.7,-1.2
Marttila,480,8.4,11.4,-1.3,4.4,-15.5,-6.3,-13.3,7.9,-7,-7,10.8,-15.6,9.1,-1.4,12.4,-5.3,11.1,-13.1,1.5,-6.9,-7.5,1.5,4,22.6,10.7,-16.6,-5.4,-6,14.5,-1,-13,-4.5,3,-22.5,2.1
Masku,481,38.3,15.5,17.7,18.3,1.1,-8.1,-6.9,2,-6.6,10.5,16.7,13.9,15,15.8,10.8,17.6,14.2,28.4,23.4,7.7,6.5,7,3.9,-0.8,-0.2,-11.4,-5.5,-4.1,-12.1,-5.2,-2.3,2.8,-0.3,-3.7,-2.8
Merijärvi,483,-2,-6.1,-5.4,-3.4,-28.3,-3.5,0,-32.2,-2.8,-20.6,-20.2,-16.2,-12.7,-13.6,-6.9,-34.9,-10.2,-22.4,-33,11.7,-5.8,-7.5,-19.4,-19.8,-13.9,-27.1,-7.9,-12.4,-11.7,-21,-13.8,4.6,-8.4,-17,8.5
Merikarvia,484,-1.2,0.7,1.9,5,-13.7,-3.9,-10.9,-1,-0.8,-9.7,-9.1,-4.7,-5.6,-9,3.3,-14.1,-16.7,-2,4.1,-0.9,-9.8,-6.6,-3,-7.4,11.7,-14.6,2.8,0.9,-3.2,-3.9,7.8,6.5,-12.3,1.7,-15
Miehikkälä,489,-9.2,-0.4,-1.8,6.2,0.7,-8.5,-3.7,-0.4,-4.2,-3.9,-5.9,6.3,2,-9.5,-16.2,-0.4,-13.6,-11.7,-20.6,3.5,-20.9,-1.4,6,0.9,1.4,-10,-13.1,-5.5,-6.6,-26.9,22,-4.3,-6.6,-21.5,-13.9
Mikkeli,491,0.2,0,0.3,1.2,0.7,1,-2.4,-2.1,-3.5,-2.6,-1.5,-2.8,-2.9,-1.7,-2,-1.6,-2.4,-5.1,-2.4,0.2,-0.9,0.9,-0.8,0.7,-0.2,0,-2.7,-3.9,-6,-11.4,-8.2,-5.5,-0.7,-2.9,-4
Muhos,494,5.3,7.8,3.3,7.6,-9,-1.7,-14.3,-4.2,-6.1,-8.4,-0.5,-4.6,7.8,1.9,19.8,0.7,21.1,10,4.3,2.5,-4,-3.7,-3.8,-4.5,-7.7,2.4,-14.2,-0.8,-6,-7.5,-1.7,-2.6,-5.1,-6.7,-9.1
Multia,495,-9.9,-6.3,-4.6,-2.1,-23.8,-10.2,-0.4,-1.8,0,-6,-5.1,-13.6,-7.2,-2.4,-5.9,-5.4,-7.5,-7.1,-3.6,-7.2,-5.8,-15.5,-9.3,-14.5,9.6,-9.8,-14.2,-2.4,-17.4,-3.2,5.8,-32.8,11.5,-21.3,-12.8
Muonio,498,-10.9,-12.4,-13.9,-3.6,-19.1,-28.2,-10.8,-12.8,-17.6,-9.7,-16.5,-16.4,-7.3,-6.9,-2.9,-11.9,-5.8,-14.3,-5.1,3,2.5,-15.1,4.6,-9.2,-10.1,-5.1,-2.5,-6.8,-3.9,1.3,0.9,12.6,-13.5,23.4,-1.3
Mustasaari,499,4.8,-2.7,0.7,-2.7,-1.8,-2.3,-2.3,4.2,-0.9,-3.3,4.5,5.7,4.2,4.4,5.2,3.1,10.2,8.8,2.6,7,9.4,5,3.4,2.4,-0.5,-1.6,0.2,-3.8,1.3,-3.9,-2.6,1,2.2,1.7,-2.6
Muurame,500,24.6,28.5,10.4,1.7,2.7,7.1,18.4,19.9,17.4,2.5,16.6,12.1,10.7,5.4,4.1,0.7,13.1,4.9,11,-1.1,1,12.9,8.1,-6.2,7.3,4.2,10.9,14.2,4.3,-3.4,8.3,11.1,5.7,4.2,6
Mynämäki,503,2.7,6.1,10.8,5,-0.9,-5.3,-7.1,-4.3,4.6,-3.3,2.5,5.3,7.4,5.6,6.4,1,-4,6.5,-2.2,1.9,-0.5,-2.4,-7.9,-2.3,-2,-4.9,-0.4,1,-9.6,-9.7,-1,-3.1,-3.3,-4.5,-1.6
Myrskylä,504,14.9,-10.6,-1,-7.3,3.9,-4.4,-7.9,-4,7.4,5.4,-12.9,-7,11.1,9.5,10.4,3.4,4.9,-2.5,-6.9,7.9,2,-0.5,-8,1.5,4,-7.6,10.6,-5.1,-22.6,-16.3,-1.6,-26,-15.1,-18.4,-18.3
Mäntsälä,505,15.1,9.3,9.6,3,-0.5,-1.9,-0.8,4.4,4.4,15.6,11.2,10.7,12,10.5,14.2,11.8,15.1,10.9,15,9.5,5.6,1.1,9.9,-1.6,-1,0.3,2.9,-4.4,-4.4,1.7,-0.3,1.3,3.7,-3.2,-3.5
Mänttä-Vilppula,508,-14.7,-14,-3.6,-10.7,-12.1,-2.2,-2.8,-6.6,-9.8,-9.8,-10.4,-8.7,-17.1,-5.6,-5.8,-8,-4.6,-5.9,-10.3,-6,-4.5,-7.7,-13,-16.6,-7.9,-7.5,-13,-11.4,-17.3,-8.4,-13.7,-0.5,-11.7,-5.8,-2.8
Mäntyharju,507,-5.7,-8.1,-3.8,0.8,-4.1,-4.4,-1.5,-6.2,-3.5,-8.7,1.8,4.2,-2.5,0.7,-7.5,-0.3,-13.9,-3.8,-3.5,-1.2,0.1,0.2,-5.3,-5.3,2,-10,0.5,-7.7,-6.2,-9,-6.3,4.7,-1.1,-7.9,1.7
Naantali,529,0.9,10.8,5.9,16.8,11.4,5.5,11.2,6.1,9.2,6.2,5.6,13.1,4,16,4.4,11,6.1,4.9,10,6.7,1.7,2.3,-1.1,2.6,-1.1,5.9,6.8,6.7,7,6.5,9.9,9.1,16.2,6.4,6.2
Nakkila,531,1.3,-6.6,-4.4,0.8,-2.5,-12.5,-3.7,-0.2,-2.3,-10.6,-11.5,-13.2,-7.7,-2.4,-14.4,-5.3,-12.2,2.4,5,-12.7,12.7,-1.6,-2.6,-4.5,-5.5,0.7,-13.9,1.1,-7.8,-15.2,-7.9,-11.3,-10.5,-10.4,1.2
Nivala,535,-6.3,3,-3.1,0.4,-8.1,-6.7,-8.8,-6.7,-11.4,-12.8,-10.3,-11.1,-18.1,-6.3,-10.9,-2.4,-3.2,-3.9,-7,-5.5,-7.9,-5.4,-13.8,-10.8,-6.1,-12.6,-3.8,-10.9,-10.3,-10.4,-15.3,-8.6,-0.2,-0.9,-6.4
Nokia,536,4.8,-2.3,-3.6,-0.2,-4.2,-4.1,-2.8,3.8,-0.7,4.7,4.9,9.3,10,12.1,12.6,11.1,15.1,16.5,6.4,5.7,3.5,7.4,3.6,4.3,0.7,6.6,0.2,3.1,5.9,10.5,15.7,10.7,12.3,8.9,13.6
Nousiainen,538,18.2,4.7,3.9,-1.5,-8.8,3.9,-7.1,0.2,-4.1,6.3,2.4,-1,14.4,7,14.8,13.2,17.5,19.2,3.8,-1.2,1.7,-16.7,5,0,-6.2,-3.7,-8.1,-6.2,-15.5,-7.4,-5.7,-4.7,-8.6,2.8,-11.5
Nurmes,541,-7.2,-4.6,-5.8,-3.5,-4.9,-12,-16.4,-20.8,-11.9,-12.6,-13.7,-14.4,-13.5,-9.1,-7.7,-8.6,-17.3,-7.3,-8.5,-7.7,-3.1,-7.1,-1.5,-6.8,-6.9,-4.6,-4.3,-2,-6.8,-8.2,2.8,-3.6,-9.2,-12.3,-6.8
Nurmijärvi,543,14.9,9,9.6,2.1,2.1,-4.6,2.8,12.1,15.5,16.7,17.4,22.2,13.3,22,8.3,12.7,5.4,7.8,1.4,6.8,0.5,1.5,0.3,4.5,2.4,2.1,-5.4,-0.3,9.6,4.1,10.9,4.9,3.6,1.3,-0.2
Närpiö,545,-5.1,-3.7,-2.9,-2.2,-1.5,-4.1,-4.6,-2,-5.7,0.2,-4,-9.9,2.1,-2.5,-1.8,-4.6,-6.4,-6.3,-1.5,-7.3,-5.3,-6.2,-6,-7.2,-2.5,-3.8,0,-1.4,-5.9,-6.5,-9.9,-5.9,-2.4,-5.2,-10.2
Orimattila,560,11,6.7,5.5,-3,-9.4,-5.6,-6.7,2,-5.6,-3.4,-0.2,8.2,6.1,2.4,1.5,12.5,2.3,0.5,3,7.2,-1.9,4.4,-2.9,3.7,-2.6,1.7,-3.5,-2.8,-3.7,-3,-4.1,-1.1,-2.1,-2.7,-5.4
Oripää,561,2.1,12.7,-5.6,-12.8,5,2.2,-18.3,-9.7,13.5,11.8,-8.9,-13.5,6.8,10.5,-4.5,-3.7,-6,19.3,10.2,1.4,-2.1,8.5,2.8,-7,-12,-24.3,-6.6,11.7,-22.6,-24.5,0,1.5,-14.3,-12.2,-12.2
Orivesi,562,-2.4,-0.9,1.4,1.1,-4.1,-12.8,0.2,-2,1,-2.5,1.8,3.4,2.1,0.7,7.6,5.1,-1.5,8.8,11,-0.8,-1.7,0.2,0.4,6.8,-2.9,-12.4,-3.2,2.3,-0.4,-0.3,-7.4,2,3.5,-2.4,6.9
Oulainen,563,3.4,2.2,-5.7,1.8,-5.4,-7.6,-9,-9.9,-4.3,-6,-13.7,-7.1,0.6,-5.1,-9.7,-5.2,-5.9,-17.4,-0.1,-17.1,-8.1,-0.5,-10.3,-12.3,-9.2,-15.3,-13.2,-2.5,-3,-17.5,-14.3,-1.7,-5.7,-8.7,-8.8
Oulu,564,1,0,2.2,0.1,6.6,11.4,9.4,5.4,8.6,10.8,15.9,11.6,4.7,2.3,3.5,3.7,-0.8,0.6,3.8,2.3,4.3,3.6,3.6,4.4,3,2.6,1.1,1.7,2.5,2.5,3,3.9,3.3,2.6,0
Outokumpu,309,-4,-7,-13.7,-4.3,-4.9,-8.5,-5.9,-19.1,-6.4,-21.4,-14.8,-12.6,-5.8,-7.5,-1.4,-5.1,-1.5,-5.1,-12.1,-6.1,-6.6,-1.6,-2.2,-4.4,-9.1,0.1,-2.7,-5.1,-17.7,-9.6,-10.3,1.7,-2.5,-10.7,-5.1
Padasjoki,576,-4.8,-7.1,-11.9,-4.6,-12.6,-10,-17.7,-1.7,-5.9,-5.5,-18.6,-7,-14.8,0.8,-12.8,6.6,-5,-12.6,1.4,-2.9,0,-4.4,0,-3.6,-13.9,-2.8,-11.3,-3,-9.3,-6.5,-1,-1.1,-6.5,-1.8,-1.9
Paimio,577,3.4,4.8,0.3,-1.5,-4.6,0.7,-11.2,-7.5,0.7,1.5,2.2,-3.2,7,-11.8,2,5.8,10.4,-3.4,10.4,12.7,1.1,1.1,4.8,-1.7,-0.7,-0.7,7.7,-0.7,6.8,-0.2,5.5,7.3,5.7,-1.3,-4.5
Paltamo,578,-15.1,-12.9,-10.3,-7.3,-15.2,-12.1,-8.4,-12.6,-8.6,-9.6,-19,-13,-25.9,6.4,5,-3.8,-14.3,-1.5,-10.2,-16.9,-9.7,-16.6,-14.8,-23.9,-10.3,-9.4,10,-11.3,-14.8,-6.7,4.6,2.5,-10.5,-9.5,-0.7
Parainen,445,2.7,1,3.4,0.8,-4.5,-3.2,-4.1,0.4,-5.7,-0.2,-2.7,0.7,-1.4,2.6,5,1.3,3.8,1.5,4.1,5.7,1.5,2.1,0.9,-3.9,0.8,0.1,-1.7,-3.3,-3.5,-0.5,3.8,1.7,-3,-2.1,-3.3
Parikkala,580,-5.3,-3.6,-9.3,-2.2,-15.2,-14.5,-8.3,-8.1,-9.6,-3.8,-16.8,-0.8,-6.6,-5.5,-6,1.8,-2.4,0.7,0.3,-8.6,-8.6,-10.3,-3.9,-7.6,-14.3,-10.6,-6,-10.1,-9.2,-7.9,-3,-4.6,-14.9,-1.1,2.1
Parkano,581,-7.5,-7.1,-5,-1.7,-5.9,-10,-4.4,-11.2,-9.6,-2.3,-13.5,-5.5,-12.7,-12.4,-6.7,-15.3,-13.7,-11,-8.1,-2.7,-8.5,3.2,-5.2,-7.3,1.5,2.1,-6.2,-12.7,-6.8,0.5,0.3,-5.7,0.5,-12.9,-1.1
Pedersören kunta,599,0.5,1.1,0.5,-0.3,-8.9,-10.5,-7,-9,-2.8,-9.9,1.8,-5.5,0.8,-0.4,-0.7,-3.2,-0.8,-3.5,-2.3,-0.6,-4.9,-3.8,-10.1,-6.7,-0.9,-4.3,-10.8,-7.5,-11.7,-4.3,-3.4,-5.6,-6,-7.7,-8.2
Pelkosenniemi,583,-6.5,-27.2,-15.7,-9.7,-12.7,-12.9,-18.3,5.9,-27.1,-28,-7.2,-17.1,12.4,-22.5,-18,-24.7,-26.5,-5.6,-4.7,-7.7,-3,-12.1,-5.2,12.4,-1,23.1,-10.5,-6.3,-3.1,-1.1,3.2,10.8,48.1,-25.8,-4.4
Pello,854,-13.1,-4.9,-5.8,-6.7,-18.9,-16.6,-13,-24.7,-14.2,-23.1,-17.8,-32.1,-0.4,-3.7,-4.8,-6.9,-16.7,-25.9,-17.3,-14.5,-5.7,-11.7,-11.9,-7.4,-3.8,-5.8,-4.7,-4,-8.1,-3.2,-3.6,8.8,6.1,1.2,-4.3
Perho,584,-13.5,-2.7,-2.6,-3.5,-17.2,-17.9,-12.7,-18.6,-14.5,-23.7,-25.7,-25.9,-16.5,-14.1,-16.5,4.3,-29.1,-2.3,-8.3,-21,-20.9,-15.4,-8.6,-10.6,-16.2,5.8,-11.6,-21.5,-15.8,-26.9,-17.6,-12.3,-7.9,-25.2,8.1
Petäjävesi,592,4.8,2.1,-5.8,-0.3,-3.4,-6.9,-3.7,11.5,1.3,0.3,4,2.1,-6.7,-3.5,0,10,14,31.5,6.7,20.1,9.5,9.6,9.1,2.2,-10.7,-17.8,-6.3,-12.2,-1,-10.9,-12.3,-18.3,-0.5,-12.4,-7.8
Pieksämäki,593,-2.9,-3.9,-4.8,-6.6,-6.4,-15.2,-4.4,-9,-10.5,-12.1,-11.1,-8,-11,-5.5,-5,-4.3,-7.4,-9.3,-4.8,-2.6,-7.2,-5.5,-7.7,-1.4,-4.7,-6.3,-9.8,-5,-6.5,-6.9,-8.6,1.2,-0.2,-5.5,-8.6
Pielavesi,595,-11.9,-0.8,-0.5,-5.4,-9.8,-3.5,-11.1,-18.2,-14.6,-9.2,-17.2,-10.2,-2.8,-15.3,-7.3,-5.3,-16.2,-3,-4.4,-9.8,-3.9,-6.9,-6.8,-9.2,1.9,0.6,1.9,-3.6,-17.8,-14.2,-3.9,-0.7,-15,-1,-3.5
Pietarsaari,598,-5.2,-6,-6.3,-7.5,-1.3,1.3,-5.6,-4.2,-3.9,-7.2,-4.6,-5.7,-4.7,-1.6,-3.5,-0.1,-2.8,-5.7,-1.4,-7.3,-6.4,-9.4,-6.7,-9,-9.3,-11.9,-6.6,-5.8,-7.1,-6.4,-10.8,-3.8,-2.7,-6.7,-3.7
Pihtipudas,601,1.4,-3.5,1.1,-7.6,-2.1,-9,-10.7,-6.9,-13.5,-1.7,-17.3,-16,-14.1,-5.2,-5.8,-15.6,-16.6,-4.8,-11.4,-14.6,-4.1,-6.8,-7.6,-12.1,-14.4,0,4,-12.2,-9.8,-2.5,-15.1,-6.9,-7.6,-5.8,-4
Pirkkala,604,1.9,-5.8,8.2,-1.8,-12.8,-5.1,-1.4,0.5,11.8,21.5,23.6,36.4,23.2,34.8,5.7,10.3,15.8,22.2,13.5,12.8,31.7,18.5,9.8,2.9,8.9,4,7.1,-2.5,2.4,8.1,5.1,14.7,8.2,13.2,10
Polvijärvi,607,2.3,3.5,-10.7,-5.9,-3.8,-8.8,-5.8,-4.8,-16,-5.3,-4.8,-7.1,-9.8,-9.1,-13.9,-3.6,-9.2,2.4,-11.3,-1.9,3.9,0.2,-5.3,-7,-6.5,-7.4,-6.8,-13.2,-13.8,-5.1,-5.4,1.4,-8.7,2.5,-0.7
Pomarkku,608,-3.4,5.8,-8.5,-10.3,-15,-4.6,5.7,-16.2,-11.3,-4.4,-14.3,1.9,-8,-0.8,-5.4,-11.8,2.4,12.7,-4.4,-12,-3.6,-7,-9.2,-1.3,-21.2,-11.1,1.3,-18.6,-8.8,-15.1,0,-9.8,-2.5,-4.6,2.6
Pori,609,-3,-1.6,-3.8,0.1,-0.9,-2.2,-1.7,-2.7,-3.4,-3.7,-3.2,-1.6,-1.2,2.7,-0.9,-0.5,-0.7,0.6,1.2,1.6,2.7,0.2,1.8,0.9,0.7,0.1,-1.3,-3.9,0,-1.9,-0.6,-0.2,-0.4,-2.1,0.7
Pornainen,611,52.2,32,13.1,34.8,-2.2,-3.2,16.8,12,23,13,11.7,5.8,26,12.5,19.6,31.3,7.7,3.5,4.2,6,-2.2,-2.5,-4.3,-3.1,-3.3,-9.9,-4.7,-2.7,-10,-8.1,4.8,-4.7,-8.5,-9,-1.6
Porvoo,638,2.2,-2,-1.8,-5.6,0.5,0.8,3,-0.1,5.5,5.8,5,5.3,3.8,6.6,6.6,-1,3.1,3.9,2.5,2,-1.6,-3.5,-2,2.9,1.2,-0.5,-0.5,-2,0.7,0.3,2.4,8.2,0.1,-1.3,0.8
Posio,614,-19.7,-7.7,2.8,-11.3,-17,-7.6,-13.8,-20.2,-26.2,-25.5,-35.3,-14.9,-12.7,-10.6,-11.9,-11.9,-2.4,-21.7,-8.1,-8,-12,-4.7,-9.3,-15.7,4.4,-28.7,-4.6,-19,-7.3,-8.1,-8.3,2.3,-8.6,-13.8,-9
Pudasjärvi,615,-3.2,-2,-8.1,-1.4,-10.7,-11.8,-10.1,-15.4,-15.8,-25.6,-15.4,-13.4,-11.4,-9,-13.2,-19.3,-15.6,-8.1,-9.7,-9.6,-19.1,-21.2,-12.8,-18.5,-23,-23.3,-13.9,-11.4,-10.9,-13.4,-7.9,-7.1,-6,-11.7,-13.7
Pukkila,616,37.6,9.2,5.4,-2.1,9.1,-8,-9.2,12.9,11.7,19.8,-10.9,4.1,4.1,12.2,7.1,13.4,-7.9,5.9,-2.5,-6.5,7.9,-6.9,15.8,-4.4,-9.4,-12.6,1.5,-22.9,-17.2,-19.7,-9.2,13.6,-11.5,-11.1,-18.2
Punkalaidun,619,-4.8,-1.5,-12.4,-29.8,-20.8,-9.1,-1.5,-4.9,-10.4,-3.2,1.1,-36,-1.4,-8.7,-9,-13.5,-4.9,-0.3,-8.6,-14.9,-18.7,-14.4,-7.1,-5,-2.5,-14.3,-22.1,-22.8,-20.2,-40.5,-44.9,-7.3,-7.4,1.5,-5.3
Puolanka,620,-12.7,-12.2,-4.7,-9.2,-14.3,-10.9,-8,-14.1,-24.2,-13.5,-22.3,-28.3,-16.7,-0.8,-19.6,-12.2,-16.3,-21,-2.2,-7.6,-11.6,-12.2,-13.8,-4.5,-10.2,-6.8,-3.6,-8.5,-9.9,-10.1,3.2,-3.6,-8.3,6.8,1.7
Puumala,623,-0.3,-5.9,-6.2,3.9,-13.5,-8.5,-1.5,-4,-11.3,-13.2,0,-1,-13.8,-14.5,7.7,-14.1,-2.2,0,-19.4,-17.3,-11.1,-10.2,-0.8,-7.2,11.2,-3.1,1.8,0.5,9.5,-7.4,14,14.1,-2.8,10,8.6
Pyhtää,624,11,-3.8,9.9,0.9,-4.2,-7.7,-8.3,2.2,-8.9,-10,0.9,-4,1.5,1.9,-0.6,-2.5,-2.3,1.8,-2.5,4.1,6.7,6.2,1.7,-0.9,-6.3,-1.7,-3.2,-14.5,-7.3,-2.1,0,3.9,6.4,-8.1,-5.6
Pyhäjoki,625,5.6,1.1,11,0.8,-0.8,-6.5,-15.4,-8.2,-15.3,-9,-14.3,-12.5,3.6,-4.2,-12.2,-8.9,-12.4,-6.1,-12.4,5.1,3.8,-14.2,-13.2,7.8,-19.3,-18.5,-6.6,2.8,-7.3,-18.3,-14.7,-12.1,-17.6,1,3
Pyhäjärvi,626,-6.3,-8.6,-2.6,-4.9,-11.8,-10.6,-13.3,-17,-12.2,-24.7,-12.7,-18,-17.2,-11.6,0.8,-1.4,-1.8,-12.3,-2.1,-9.4,-3.7,-9.5,0.5,-14.2,-20.7,-6.5,-5.1,-11.5,-8.7,-12.3,-7.5,-0.8,-11.4,-9,-3.4
Pyhäntä,630,-7.6,-7.6,-16.6,-14.2,-15.2,-17.8,-15.6,-31.6,-25.8,-4.6,-27.4,-21.6,-11.2,-17.8,-16.4,-2.2,-18.7,-24.1,-37,-35.2,-13.4,-28,-12.7,-7.1,7.7,3.8,-1.9,-7,-21,1.9,-2.5,-8.7,-17.8,-7.9,-17
Pyhäranta,631,13.5,0.8,16.2,4.5,-11.1,-18,-3.8,-7.2,-10.7,-3.4,-2.2,-16.2,6.6,-5.3,-11.9,-10.3,2.7,-1.4,11.7,0,4.5,-16.7,-0.9,-9.1,-14.4,-1.9,-20.9,2.9,-13.6,-5.5,-3,2,-4.1,-7.2,3.1
Pälkäne,635,12.5,4.2,5.6,9.1,7.3,2.2,1,1.1,1.2,7.5,11.6,-8.9,5.7,10.7,9.7,18.1,7.4,11.4,0.9,6.9,-2.1,-6.4,-4.2,0.6,-5.6,-1.8,-5.4,-3,-8.3,0,0.3,5.9,-8.6,-1.4,-9.4
Pöytyä,636,9.9,3.1,2,-0.2,-4.6,-7.1,-0.6,-8.9,0.6,3.1,-1.6,-3.4,2.6,3.7,0,5.1,0.5,6.3,-1.8,4.9,0.4,-3.4,3.4,-1.2,-1.5,-7.3,-7.3,-4.7,-9.7,-8.3,-6.1,0.2,-9.9,-8,-10.7
Raahe,678,-13.6,-7.9,-7.1,-9.7,-12,-11.3,-10.4,-11.6,-13.8,-15,-9.7,-13.8,-15,-14.2,-9.8,-12,-7.5,-5.8,-1.9,-10.7,-7.9,-6.8,-6.6,-10.4,-8.7,-12.9,-7.8,-4,-8.7,-8.1,-12,-5.2,-6.7,-13.4,-10.6
Raasepori,710,6.1,-0.9,-1.2,1.5,-2,-4.2,-2,-2,-0.6,4.3,4.7,-0.1,1.1,1.3,-0.7,-0.2,4.1,5.6,1.3,2.1,3.8,-4.4,-2.8,-3.1,1.1,-6.6,-8.5,-6.4,-6.6,-0.7,0.8,0.2,-1.8,-2.8,-2.8
Raisio,680,4.2,2.8,-1.4,6.9,1,1,-1.7,13.1,-2.5,-0.4,-2.4,0.1,1.8,0.6,4.1,6.4,1.5,-0.9,-0.7,-2.6,4.1,1.5,-5.7,-5.1,-12.4,-4.8,0.9,-5.2,-2.7,-4.6,9.9,12,-2.7,2.1,3.1
Rantasalmi,681,3.1,-7.2,-5.6,-7.4,-12.3,-4.5,-11.5,0.8,-11.9,-13.2,-6.3,-6.4,0.7,-7.6,-4.7,0.9,-6.2,-8.4,-15.2,-8.5,-8.2,-5.8,-1,-9,-8.1,-6.6,-7.6,-11.7,-0.6,-12.1,-10,0.3,-1.5,-9.1,-11.6
Ranua,683,-14.8,-5.1,-4,-8.7,-16.1,-24.2,-17.7,-19.7,-31,-22.8,-34.3,-30.1,-3.9,-7.2,-4.9,-34,-21.4,-25.4,-19.5,-8.4,-17.4,-14.7,-8.7,-14.6,-9.7,-16,-1.5,-8.3,-12.7,-24,-10.1,-5.4,-3.8,-1.4,-2.5
Rauma,684,-6.5,-3.9,-6.2,-4.5,-1.6,-4.9,-8.9,-8.4,-3.4,-6.2,-7,-5,0.6,-4.7,-5.4,-2.9,-3.8,-7.4,-8.8,-2.3,-4.6,-0.4,-3.7,-1,-3,-4.6,-9.7,-2.9,-9.7,-6.1,-9,-6.4,-2.1,-1.2,-2.7
Rautalampi,686,-0.2,-5.9,-4.8,3,-14.2,-0.2,-8.8,-8.7,-16.8,-11.1,-12,-6.8,-5.5,-5.9,2.7,-3.2,-14,0.6,-5.3,1.7,-2.9,5.2,-5.2,0,-1.5,-8.4,-4.2,-1.5,-12.1,-17.7,-6.5,-0.7,-16.3,-10.2,5.5
Rautavaara,687,-12.4,-11.5,-0.7,-8.3,-13.3,-14.6,-13.1,-15.7,-22.4,-28.2,-25.2,-21.8,-24.7,-18.5,-14.4,-10.9,-2.4,-18.3,-8.1,-2.6,-13.7,-1.1,-3.3,-1.1,5.6,-1.1,4,-1.8,-7.2,-15.4,-3.2,-8.5,1.3,-27.6,6.3
Rautjärvi,689,-2.8,-2.6,-4.5,-3.8,-15,-10.8,-14,-12.2,-18.2,-20.2,-13.3,-5.7,-7.1,-10.1,-10.7,-7.9,-7.3,-4.8,-9.2,-9.3,-11.8,-18.5,-4.5,-10.7,-2.5,-5.9,-3.7,-2.6,-16.8,-14.6,-10.7,-2.6,8.7,-10.1,-0.3
Reisjärvi,691,-8.3,-3.9,-4.4,-6.4,-23,-6.8,-13.4,-24,-12,-16.6,-15.1,-10.1,-19.2,-11.9,-12.4,-10.3,-7.5,-8.8,-11.3,7,-11.3,7.4,-16.5,-10.2,-8.2,-5.5,-15,-5.6,-22,-5.9,-4.8,-5.2,-13.1,-10.7,-10.5
Riihimäki,694,0.7,4.5,3.3,0.1,-0.7,0.2,0.9,-2,-1.5,3.3,1.9,4.1,0.6,10,6.7,6.8,11,15.2,13.6,-0.6,4.3,2.5,1.2,0.7,-2.8,-4,-2.7,-3.9,-8.1,3.5,0,-3.4,-2.7,-3.8,-5.1
Ristijärvi,697,-20.7,-8,-9.5,-6.3,-0.5,-3.4,-24.8,-30.2,-12.1,-9.2,-1.7,-10.2,-1.7,-4.1,-9,-6.1,-5.6,-5,-7.7,-3.9,5.9,0,-8.2,-10.4,0.7,-28.9,8.2,-15,-5.4,-1.6,-2.4,-1.6,-7.6,9.4,0.9
Rovaniemi,698,4.7,2.6,2.8,1.4,2,0.7,-0.3,-0.7,-5.5,-4,-10.6,-9.1,-5,-2.4,3.5,0.2,-1.3,5.4,0.3,-0.5,-3.6,0,-3,-2.1,0,-0.9,2.5,-0.1,5.6,0.4,3.4,5,3.8,2.7,-2.4
Ruokolahti,700,2.6,2.9,13,-0.6,-7.1,-7.9,-6.7,6.1,-9.1,-2.9,-9.3,-2.9,-9,2.3,-9,-3.9,-1.5,-18.1,3.1,2.1,-8.1,-4.4,3.6,-6.3,-10.3,-9,-5.7,1.3,-9.1,-7.3,-3.4,8.5,-7.2,-5.4,4.8
Ruovesi,702,2.4,-11.7,1.7,-5,-3.5,-4.9,-8.2,-4.1,0.3,-6.4,-14.5,-10.8,-2.5,-6.6,-0.9,-1.3,-9.9,-10.1,-6.4,5.5,-18.9,-10.8,-1.4,-15.6,-6.6,-1.1,-26.8,-10.6,-2.9,-12.7,-4.7,-4.1,2.2,0.5,-4.7
Rusko,704,17.6,8.5,14.5,5.5,4.4,0.8,-6.1,-2.9,11.7,13.6,18,22.3,13.4,8.3,11.4,5.9,3.3,0.2,2.6,7.1,-5.3,3.8,2.5,11.1,2.7,6.4,-2.6,14.7,-5.4,5.6,-0.3,-2.4,6.1,-2.2,-3
Rääkkylä,707,-5.3,-9.9,-18.1,2.3,2.3,-10.9,-9.9,-4.9,0,-10.3,9.8,-22.1,-6.6,-11,-4.1,-26.7,-13.5,-3.6,-15.5,-8.7,-17,-3.1,-8.4,4.8,-3.3,-27.6,-21.7,-2.2,-10.9,-7.9,-9.1,-5.9,-22.5,-14.5,3.2
Saarijärvi,729,2.6,-3,1.2,-1.5,-3.3,-8.4,-0.6,-6.1,-6.7,-4.2,-8.3,-11.6,-6.9,-5.4,-10.7,-5.4,-7.7,-8.6,-6.2,-3.5,-5.2,-13.6,-7.1,-4.4,-3,-10.1,-17.9,-7.9,-10.8,-1.9,-0.9,-0.9,-3.8,-5,-2.9
Salla,732,-14.5,-11.7,-5,-11.8,-18.2,-16.2,-13.7,-11.3,-27.9,-23.3,-20.9,-25.9,-22.3,-5.8,-15.8,-14.7,-12.8,-15.8,-5.3,-11.7,-3.6,-13.1,-8.7,-11.9,-15.4,-1.6,-6,-15.8,-8.2,-12.5,18.2,14.9,-13.9,3.9,-14.2
Salo,734,1,1.8,-0.7,1.6,3.8,7.3,1.9,4,3.5,3.6,4.8,0.4,-2.4,1.6,-0.4,4.8,3.2,3.4,1.5,-1.5,2.4,-1.3,-8.4,-7.5,-6.5,-4.4,-5,-7.1,-8.8,-5.3,-2.5,-0.2,-5.3,-2.7,-6.6
Saltvik,736,15.5,9.7,1.8,-1.8,-6.1,3.7,-11.1,3.1,6.7,25.3,4.2,17.6,-12.8,13.9,0,-2.3,-7.5,2.3,17.8,6.8,-1.1,-4.4,10.5,0.6,1.6,4.4,-8.2,10.8,-19.3,1.6,-21.9,-6.6,-9.4,-3.3,-8.4
Sastamala,790,2.4,1,-0.3,-2.6,-5.7,-5.5,-6,-2.1,-2.9,-1.3,-3.8,-5.5,-2.8,1.3,0.5,0.3,1.4,3.3,-3.4,-1,2.9,1.3,-1.6,-6.7,-4.1,-2.8,-3.4,-7.3,-4.7,-10.8,-3.8,3.1,-2.5,-3.4,-1.2
Sauvo,738,6.4,6.7,11.2,-1.1,7.4,0,0,-1.1,-3.2,13,3.5,0.7,10.5,8.7,1.7,16.5,-7.2,14.3,23.1,8.2,-2.6,-2,2.6,-0.3,-6.6,1.7,9.9,-8.6,-4.3,-14.1,5.4,3.4,-4.8,-10.2,-7.4
Savitaipale,739,0,-9.4,-1.1,-2.8,-5.1,-6.7,-5.2,-3.8,6.5,-4,-1.1,-8.3,1.2,-4.7,-1.4,1,8.5,-8,-6.2,-5,-10.2,-8.6,1.1,0.5,-4.9,-5.8,-5,-2.3,1.4,-3.2,-6.9,2.4,14.7,-6.8,-2.8
Savonlinna,740,0.8,-1,0.4,-0.8,-4.7,0.9,-5.2,-7.7,-8.3,-11.1,-8.9,-7.6,-3.6,-5.1,-3,-4.8,-4.1,-9.9,-7.1,-2.8,-0.6,-4.4,-4.1,-4.4,-4.4,-5.1,-6.2,-10.4,-23.2,-9.4,-1.9,4.4,-2.4,-3.2,-7.5
Savukoski,742,1.1,-6.8,-2.8,-14.9,-29.3,-6,-21.3,-15.5,-26.8,-5.9,-38.6,-23.4,-11.9,-17.9,-33.2,-15.2,-21,-10.4,-9.8,-19.2,0.8,-11.1,-10.5,6.2,-8.1,-29.6,1,-8.8,9.9,5.9,17.9,14.9,-19,-10.2,-9.3
Seinäjoki,743,4,2.6,3,1.7,2.8,-0.6,0.5,-0.4,2.8,3.1,2.1,4.9,5.2,6.5,6.8,7.7,6.6,8.1,8,7.1,6.5,7.4,5.8,5.7,2.2,5.5,3.4,5.5,5.9,3.5,2.8,4.7,4.6,2.1,-1.4
Sievi,746,1.3,-6.6,-6.3,-4.6,-2.7,3.1,4.5,3.6,2.8,20.4,-3.3,-8.7,-3.5,-6.6,-10,-16.2,-7.3,-2.9,-6.1,-19.7,-6,-19.6,-16.5,-19.5,-15.8,-12.3,-13.1,-13.1,-16.2,-17,-17,-15.8,-16,-12.1,-27.1
Siikainen,747,-1.3,-12.9,-5.2,-0.4,-9.3,-18.1,-10.1,-16.5,-8.2,-24.2,-21.3,-28.2,6.9,-3.7,-13.6,-7.7,-2.8,-20.4,-25.1,11.3,-2.4,12.7,-6.7,5.5,-14.9,-29.5,-5.3,-0.7,-6.1,-6.9,-24.8,-1.5,-24.1,-6.9,3.1
Siikajoki,748,-1.7,-5.6,-5.3,-5.9,-15,-15.9,-10.6,-17.7,-20.8,-28.1,-25.3,-19.1,-20.8,-4.1,-15.5,-13.4,-2.6,-14.2,-19.2,-13.5,-30.4,-23.7,-27.4,-22,-26.1,-11.8,-30.1,-11.6,-27.4,-27.9,-28.9,-10.5,-29.4,-22.8,-10.8
Siikalatva,791,-10.3,-8,-9.9,3.5,-4.4,-13.7,-10.3,-8.1,-16.4,-13.6,-16,-6.7,-12.1,-8.9,-11.6,-9.5,-16.3,-7.6,-16,-11.7,-15.7,-15.4,-10,-15.9,-5.1,-17.2,-9.8,-17,-15.4,-4.9,1.9,-7.5,-9.1,-12.7,4.5
Siilinjärvi,749,1.8,-5.7,1,-8.5,1.3,-7.4,-3.4,-2,1.5,-7.1,2.9,-7.5,0.8,5.2,-1.2,-4.1,9.5,-0.5,-6,2.2,-2.2,6.5,0.5,0.1,-0.4,-0.6,-7.5,-10.7,-3.5,-14.1,-10.7,1.2,-1.6,-3.5,-0.2
Simo,751,-4,-3.3,-6.1,-14.1,-16,-4.6,-7,-24.2,-7,-23.7,-10.5,-28.4,-8.2,-9.4,-16,-9.3,-7.5,-1.9,-9,-14.8,-3.4,-8.9,-1.7,-19.2,-7.8,-10.1,-12.5,-11.8,-13,-10.3,-4,-1,-3.8,-10.2,-5.7
Sipoo,753,-0.7,7.6,8.5,2.3,4.7,6.3,15.4,17.5,27.8,22.6,13,11.9,17,5.7,-2.6,10.8,12.7,15.3,12.3,5.1,6.1,10.9,10.5,2.6,1.2,17.5,22.8,15.1,16.1,22,21.3,20.6,3.2,5.7,7.6
Siuntio,755,-8.2,8.2,17.4,-0.9,-1.6,6.3,2.5,4.7,30.5,5.8,24.3,11.7,15.1,24.8,22,13.4,19.3,24.3,10,12.3,-1,-1.3,-2.9,-7.3,-5.3,-9,-10.5,-12.3,-4.1,-4.1,-1.1,4.2,4.7,-12.3,4.1
Sodankylä,758,-6.2,1.3,-1.4,-3.7,-0.3,-6.7,-18.4,-13.4,-20.5,-17.6,-18,-27.7,-18.3,-10.2,-5.8,-11.5,-10.5,-9,-10.6,-8.9,-4.3,4.5,4.1,3.5,-5.6,-2.2,-9.8,-7.3,-8.5,-14.1,3.9,-2.6,-0.9,5.3,3.3
Soini,759,3,-6.6,-3.3,-14,-8.7,-9.8,-7.6,-11.1,-15.1,-4.6,-5.7,-21,-6.2,-5.9,-6.7,-11.4,-10,-13.7,-20.5,-7.4,-9.5,-7.6,-15.8,-10.8,-0.4,-14.2,-17.2,-28.8,-5.2,-13.1,-12.8,-0.5,-10.7,-25.2,-27.2
Somero,761,4.8,-3.6,0.5,0.4,4.2,1.3,-1.2,0.1,-0.3,4.4,-0.4,-5,3.9,-0.4,0.5,-6.1,-7,-3.7,-0.2,-1.2,-3,-4.1,-0.5,-3.2,4.6,1,-1.2,-2.6,-2.3,-6.5,1,2.2,-4.6,-9.4,-3.3
Sonkajärvi,762,-12.9,-5.2,-11.4,-5.1,-6.7,-19.5,-2.7,1.4,-14.8,-12.7,-15.4,-15.3,-16.6,-5.2,-0.2,0.2,-1.8,-10.5,-22.2,1.9,1.5,-10.6,-15.6,-10.5,-18,-2.6,-13.4,-16.7,-16.9,-5.3,-4.4,-5.5,-12.6,-1.9,-5.3
Sotkamo,765,10.2,-0.6,-1.7,-3.5,-2.4,-6.9,-2.7,-3.9,-7.8,-5.9,-8.5,-15.5,-8,-2.5,-1.3,0.4,3,-2.2,3.3,-0.5,0.9,0.9,-0.7,-3.3,-5,-2.9,-3.2,-3.2,-0.4,-1.9,-2.3,3.3,0.6,-3.4,-4.2
Sottunga,766,-14.9,-22.9,-7.7,37.9,-15.2,-15.6,0,63.7,-38.9,-16.1,47.8,7.8,7.7,-15,-37.7,0,-32.4,-33.9,-34.6,25,-8.2,-99.1,-19.6,-19.9,-19.9,-10,-71.8,-42.6,-32.8,0,84.7,-29.1,18.5,8.8,-46.3
Sulkava,768,-0.8,-3.6,-3.6,-3.1,-2.4,-1.6,-8.9,-13.6,-9.5,-2.8,-12.3,-4.1,-0.9,-6.3,-7,-11.8,-6,-11.5,-6.9,-13.3,3.4,-7.9,-4.2,-8.2,8.6,-5.1,-13.4,-9.9,-12.9,2.8,12.1,-2.4,-5,0.8,9.3
Sund,771,1.1,11.5,-1,13.7,3.2,4.2,-3.1,14.3,-7.1,28.2,4,0,15.7,1.9,-13.6,8.8,2.9,10.6,-21.1,-6.8,-2.9,1,12.6,-14.5,-3.9,8.7,-23.6,8.8,-15.5,-7.8,-13.8,9.9,-14.9,3,-9
Suomussalmi,777,-6.1,-6.7,-8.4,-3,-4.6,-13.1,-17.5,-17.9,-21.8,-15.2,-17.4,-20.1,-14.6,-11.7,-9.5,-13,-12.9,-15.5,-12.9,-1.5,-10.5,-13.5,-7.2,-8.2,-12.8,-9,-7.4,-6.5,-11.4,-11.3,-4.7,-0.8,-7,-13.3,-8.4
Suonenjoki,778,-5.5,4,0.2,-2.1,3,-8.1,-3.2,-9.6,-5.6,-7,-13.8,-4.4,-7.9,-7.9,5,-2.9,1,-1.3,-5.6,3.9,2,4.7,-4.9,-0.8,2.4,4.2,-5.2,-1,-7.4,-3,-7.4,2.2,-5.1,-8.8,-3.4
Sysmä,781,8,-4.5,1.6,-5.7,-0.6,-10.6,-12.5,-1.7,-5.5,-10.1,-10.7,-8.6,-5.6,-4,3.6,1.1,-1.7,-2.6,-2.6,-12.6,0.2,-0.2,-5.7,-1.4,1.2,-5.4,-6.3,-7.9,-10.8,-13,4.9,-1.1,-1.1,8.6,4
Säkylä,783,-5.5,-1,0.8,-5.7,-8.9,-1.6,-11.9,0.5,-3,-6.3,-15.4,-15.9,-3.4,-1.9,-0.1,-0.9,-9.1,-9.2,-3.8,-2.5,-6.2,-4,-7.9,-13.9,-5.4,-12.2,-7.1,-6.9,-6.3,-7.7,-4.9,-1.5,-16.9,-6.4,-12.5
Taipalsaari,831,20.5,5.8,3.6,-4.8,-2.9,5.9,-7.3,-1.7,-14.7,-3.4,-4.2,-5.1,4.2,16.2,5.8,7.6,11.4,-3.8,-12.4,-8.8,1.8,-12.3,-2.3,-8.5,-4.4,0.6,4.4,-9.2,-12,-6.2,-9,-6.3,-8.3,0,-4.3
Taivalkoski,832,-9.9,-11,0.9,-8.7,-10.6,-9.8,-12.7,-21.4,-29.7,-19.7,-21.8,-20.7,-20.7,-12.8,-18,-12.4,-12.6,-6.7,-14.4,-12.2,-10.3,-7.4,-23.8,-7.2,-2.8,-1.4,-11,-12.7,-6.9,-3.3,-9.1,5.6,-11.1,-14.8,-9.7
Taivassalo,833,-11.5,-12.7,2.6,-5.7,-23,6.3,-9,1.6,-1.1,13,-3.3,-17.8,-2.3,5.7,-2.8,-6.8,6.3,-8.6,-1.7,-2.9,5.9,-0.6,-5.3,-3.6,-11.5,-1.8,5.5,24.4,8.4,-9.1,7.3,20.4,12.5,4.1,-6.5
Tammela,834,22.9,12.1,20,7.2,-3.1,1,8.9,4.7,14.5,0,2.5,8.8,4.7,-1.7,9,3.7,11.2,8.3,-1.1,-0.3,-5.4,-3.3,-2.1,-6.8,-8.7,-11.7,-0.2,-10.2,-7.5,-6.9,2.3,-3.3,-7.1,-3.6,0
Tampere,837,2.4,3.5,4.3,4.4,12.8,14.1,13.3,9.6,9.5,6.3,8.2,7.7,7.3,1.9,3.9,2.3,4.2,1.5,1.9,3.9,2.5,3.4,4.5,7.7,6.7,4.2,9.5,12.2,11.2,8.1,8.7,7.5,10.8,12.5,10
Tervo,844,11.7,-4.9,-4.5,-0.9,-12.4,-7.5,-1.9,0,-13.4,-22.1,-1,-20.3,2.1,7.8,-10.5,-16.6,-11.6,11.7,-8.5,6.3,-10.4,6.5,7.1,-4.7,-13.3,4.9,8.1,-5,3.8,-13,-2.6,-0.7,-9.6,-2.8,-3.6
Tervola,845,-18.6,-3.6,-3.1,-1,-10.6,-9.7,-3.7,-8.2,0,-20.5,-14,-9,-18.3,-10.9,-2.2,-8.4,-4.4,-25.5,-16.2,-1.4,-4.1,-10.5,-6.8,-1.2,-14.1,-5.9,-22.9,-4.2,1.6,-10.9,-18.9,-8.3,-6.6,-4.6,0
Teuva,846,-8.8,-0.3,-5.4,-1.8,-12.5,-15.5,-6.9,-17.1,-12.4,-10.2,-6.9,-13.4,-10.8,-6,-4,-8.1,-4.8,1.1,-10.5,-14.3,-4.2,-10.5,-5,-16.3,-16.1,-1.6,-11.6,-4.9,-13.8,-6.1,-7.3,-1.8,-6.7,-5.6,-13.2
Tohmajärvi,848,-8.4,-7.1,-7.1,1.2,-7.2,-9.3,-19,-11,-3.4,-13.6,-13,-14.4,-11.5,-16.1,-8.5,-7.7,-16.7,-13.8,-14,-11.5,-9.9,-1.8,-12.1,-7.4,-11,-4.6,-8.5,-11.1,-9.7,-18.1,0.2,-4.4,-10.2,-14.8,-17.2
Toholampi,849,-10,-6.4,-5.6,-10.3,-4.4,-16.1,-15.7,-15.1,-7.6,-19.1,-12.6,-18,-14.5,-6,-3.3,-3.5,-6,-20.5,-18.2,-13.9,-10,-0.3,-18.2,-20,-7.7,-11.4,-19.9,-10.9,-23.5,-21.2,-18,-4.7,-7.9,-12.2,-12.4
Toivakka,850,3.6,-4,0,-7.6,-2.4,6.5,-3.2,0,-3.7,-5.4,-9.7,0.8,5.9,13,4.2,-9.7,3.8,-3.4,10.6,1.7,12.9,19.2,-6.9,3.7,2.8,-11.4,4.1,-16.6,10,-2.1,5.4,-1.7,5.8,-9.2,-5.9
Tornio,851,-2.3,-1.5,-0.2,-3.6,-9,-7.5,-1.6,-13.1,-13.3,-11.4,-6.9,-7.5,-13.9,-1.2,-3.1,-3.1,-7.1,-1.3,-1.8,-6.4,-4.5,-5.5,-7.5,-11.6,-4.5,-9.8,-9.5,-10.4,-4.8,-12.1,-6.9,-6.1,-3.3,-9.2,-6.6
Turku,853,-5.9,-3.2,-1.3,-1.1,9.8,11.2,10,7.4,8.9,4.8,0.9,4.4,3.4,1.1,-3.4,-2.2,0.1,-3.8,-1.9,-1,2.3,3,4.5,5.5,4.7,6.2,4.9,8.1,6.8,7.2,3.4,-0.9,7.3,7.1,8.2
Tuusniemi,857,-9.7,-2,5.3,-2,3.4,-9.8,2.6,-4.1,-22.3,-5.8,-10.2,-4.1,-14.1,-1,4.6,-4.3,2.7,-6.4,-5.9,4.9,6.6,-10.6,3.6,15.4,-11.9,-2.6,-15.3,-7.3,3.5,-12.7,-4.1,2.9,6.6,-10.2,12.1
Tuusula,858,-5.3,6.8,8.5,-5.7,0.4,-4.3,11.5,13.6,7.9,18.3,17.8,22.7,4.7,8.9,7.2,4.8,7.3,8.1,4.1,2.3,4.5,3.8,-0.4,-1.3,-3.5,1.7,-0.2,-1.1,-3.6,-3.3,3.3,20.5,14.7,17,17.7
Tyrnävä,859,16.8,18.6,2.9,9.9,7.6,0.8,5.8,-5.7,-9.2,9.8,6,16.7,13.5,16.8,28.4,10.2,15.5,10.3,-9,9,-3.6,-5.6,6.9,-8.6,-0.1,-2.2,-14.6,-12.2,-7,-24,-7.6,-12.6,-8.2,-11,-9.7
Ulvila,886,0.7,1.5,3.6,-2.7,-7.1,-6.7,-12.1,-5.1,-8.6,-6.3,-7.6,-8,-7.5,-10.8,0.1,-11.8,-7.6,-4,-1,-4.6,-8,-5,-6.6,-10.6,-6.4,1.5,-1.7,-3.5,-12.6,-6.9,-5.5,-3.8,0.1,-4.4,-11.7
Urjala,887,6,-2.3,0.3,-1.8,-5.7,-4.6,-4.8,-5.2,7.5,-6.8,1.9,-12.4,6.4,-1.4,-2.9,10.8,-11.9,-1.3,-7,-3.5,-2.8,-10.4,-8.4,-9.1,-16.3,-3.2,-7.6,-3.5,-1.5,-10.8,3.2,13.7,-9.7,4.4,-7.1
Utajärvi,889,-9.9,5.8,-6.9,4.4,-4.4,-4.2,-12.9,-4.5,-14.4,-14.6,-11.9,-10.9,-5.2,-8.3,-6.8,-3.1,-12.2,-23.5,-10.7,-5.3,-1.3,-9.7,-2,-1.7,-14.4,-10.1,-14.1,-16.8,-26,-5.2,-11.7,-5,-8.2,-12.8,-2.4
Utsjoki,890,-23,8.5,-0.7,7.1,0.6,3.2,-5.1,-15.6,-19.5,-25.1,-13.5,3.6,2.1,-5.7,-13.8,-5.9,-11,-19.3,-20.3,-6.9,-11.5,-12.4,-5.4,-1.6,-1.6,-9.6,1.6,-1.6,5.7,-15.5,10.7,-32.6,16.1,-25,4.4
Uurainen,892,17.1,14.4,4.6,12.7,-6.5,-9.8,5.2,-5.2,1.6,7.4,-1.3,-7.4,5.1,-7.1,4.5,5.8,9.5,23,9.1,13.4,15.8,6.3,10.5,0.6,1.7,5.5,6.8,3.8,2.7,-29.7,-9,-11.5,-12.7,-3.6,7.4
Uusikaarlepyy,893,-5.8,-3.8,-0.4,-3.2,-6,-6,-1,-4.8,-7.7,-4.1,-5.9,0.8,-3.6,0,0.4,-6.6,-2.4,-5.8,-5.1,-3.4,-6.6,-0.3,-7.6,-7.3,-4.8,-0.4,-13.5,-3.6,-8.7,-5.9,-4.3,-1.7,-14.3,-7.1,-11.5
Uusikaupunki,895,-7.3,-7.1,-9.5,-16.2,-12.1,-15.2,-0.6,-5.2,-6.6,-15.8,-10.7,-9.7,-7.9,-17.2,-10.9,-4.4,-8.4,-7.8,-0.5,-0.4,-2.8,-8.6,-12.6,-2.5,9.6,-5.1,-5.6,19.3,-2.2,-12.3,-9.8,5.8,-24.4,-16.5,-9.6
Vaala,785,-1.1,-5.6,-2.9,3.3,-12.7,-13.1,-14.6,-5.1,-16.1,-18.2,-17.9,-11,-13,-7.8,-17.9,-5.6,-19.1,-8.4,-14.8,-14.8,-0.6,-3.3,-12.2,-7.8,-8.2,-10.3,-0.7,-17.7,-13.1,-14.5,-5.1,-5.9,-0.4,-6.5,9.7
Vaasa,905,-4.4,-1.9,0.3,2,1.4,2.1,2.4,0.6,1.4,-3.7,-3.8,-0.6,-7.4,-4.6,-5.4,-5.3,-2.5,-1,0.6,-0.4,-1.9,3.9,1.1,-0.4,1.3,1.5,-3.9,-6.9,-1.5,-2.9,-3.8,-6.8,-1.9,-3.8,-2.9
Valkeakoski,908,-9.9,-6,-8.2,-4,-3.1,-3.1,-8.6,-6.8,-3.7,-4.9,-4.9,-2,0.9,3.8,-0.6,-2.3,-0.3,-0.8,4.8,3.4,9,6.3,1.8,-3.2,0,7.4,0,-4.5,2.1,-5.8,-5.1,-2.6,2.3,-7.3,-1.3
Vantaa,092,3.8,0.6,-2.2,0.7,8.5,1.8,2.7,4.1,4.5,5,2.9,-2.1,0.4,1.2,-2.2,-0.9,2.4,2.4,0.7,-1,-0.6,1.4,-1.5,-2.4,-0.5,6.7,9.6,5.8,11.4,13.1,4.4,-5.5,-2.4,-3.7,-1.7
Varkaus,915,-3.2,-3,-4.8,-2.1,-12.6,-1.4,-3.6,-9,-9.3,-9.7,-6.1,-6.1,-4.7,-5.7,-4.4,-11.3,-11.8,-6.9,-9.9,-7.8,-6.6,-7.4,-9.2,-7.5,-5.6,-6.9,-3.2,-8.5,-8.9,-4.4,-2.6,-5.4,-2,-6.2,-7.8
Vehmaa,918,-3.2,9.3,-14.7,-16.1,-16.7,-10.6,-2.3,-18.9,16.7,-10.6,14.6,-7.5,1.2,-1.2,-1.6,6.1,6.1,-2,-1.2,-18.2,-5.4,-3.8,-5.1,-3,1.7,-16.5,5.3,21.3,-3.9,1.3,2.6,-16.7,-7.1,-4.9,-2.2
Vesanto,921,10.2,4,0.6,-3.4,-6.6,-13.8,-14.8,-1,-6,-18.9,-10.2,-11.1,-12.5,-1.1,11.2,-25.8,-5.8,-18.7,-7.7,-3.7,10.3,-5,-8.9,-10,-2.2,-11.3,-0.9,-10.4,1,-4.9,0,5.1,-6.3,11.6,0.5
Vesilahti,922,11.4,18.2,24.4,7.4,-4,-6.2,-2.5,14.1,11.5,15.5,15.3,11.9,32.8,12.4,-0.8,37.3,27.5,30.1,33.6,17.6,-6.4,4.6,9.1,3.6,4.2,-1.8,-8.3,-4.3,-16,-6.2,5,15.2,16.1,-1.3,7.8
Veteli,924,-10.3,-5.7,4.9,-12,-8.6,-7.4,-7.7,-15.6,-5.6,-16.7,-10.7,-17.4,-14.2,-2.4,-10.6,-11.9,-16.3,-4,-8,-12.3,-4.9,-15.4,-7.4,-14.3,0.3,-9.3,-9.8,-17.3,-8.5,-9.6,-8.1,-9.2,-13.4,0.7,2.7
Vieremä,925,-6.7,-10.3,-1.1,2.9,-8,-18.1,-3,-14.2,-6.8,-14.5,-15,-12,-5.6,-15,-3.6,-5.3,-5.1,-5.2,5.7,-16.7,-4.5,-8.8,-6.3,-13.1,-7.8,-9.5,-4.3,-4.9,-2.4,-16,-10.4,-2,-9.8,-12.3,-5
Vihti,927,14.2,0,7.1,4,1.9,0.4,-0.8,4.5,2.8,2.4,6.1,8.9,13.9,4.5,17,8,7.8,15.6,11.6,0.9,6.5,1.3,-5,0.1,-2.7,-5.8,-2.6,-1.2,2.7,-3.4,0.1,-1,-12.5,-7.9,-1.2
Viitasaari,931,1.5,-5.7,-2.1,-4.3,-7.7,-8.1,-10.2,-5.6,-15,-3.5,-7.5,-10.6,-10.4,-13.4,-7.1,-5.2,4.3,-0.9,-2.7,-10.9,3.5,-4.2,-9.3,-3.8,-7.8,-3.1,-6,-20.1,-12.8,-7.2,-2.6,-0.7,-9.2,-10.8,-7.2
Vimpeli,934,1.3,-2.3,-9.1,2.6,-10.7,-9,-13.9,-11.4,-3.8,-5.5,-11.2,-18.2,-6.1,-12.5,4.4,-1.8,-3.8,-6.8,-5.7,-0.9,-9.8,-5.9,-4.4,-4.4,-13.4,-4.5,-10.8,-13,-12.3,-17.8,-7.8,-5.1,-20.6,-1.1,-12.2
Virolahti,935,-3.6,2.4,-2.6,5.1,-1.7,-10.3,-1.7,-4,4.5,-5.1,6.1,-14.5,-4.7,-3.5,-11.2,-17.4,-10.8,8.9,-20.4,-2,-0.3,-4.3,-4.9,-10.4,-1.2,-13,-14.5,-10.2,-6.9,-1.9,4.2,-2,-7.6,-13.5,-25
Virrat,936,-0.9,0.3,-2.3,-0.1,-3.9,-8.1,-9.3,-7.4,-1,-10.5,-15.7,-5.6,-3.2,-7.2,-0.3,-5.8,-5.9,-5.6,-3.5,-1,-6.6,-2.9,-3.5,-9.1,-9.8,-13,-4.5,-2.9,-7.7,-14.6,4.4,4.6,-1.6,-11.7,-1.6
Vårdö,941,7.8,15.3,-12.6,2.6,22.8,7.5,-7.5,0,2.5,-7.5,9.9,-2.5,-9.9,38.9,7.1,0,-7,9.1,6.7,-31.3,11.1,-6.7,-34.4,18.7,4.6,11.4,-22.7,-18.4,13.7,-4.5,11,-26,-19.7,28.2,-8.6
Vöyri,946,-8.7,-0.8,-4.7,-7.3,-11.1,-7.4,-14.6,-2.4,-8.6,-10.6,-7.2,-14.8,-9.1,2.2,-0.3,-9.9,-18.2,-10.8,-33.5,-8.7,-14.4,-8.6,-21.8,-11.5,-16.4,-9.5,-14.6,-17.6,-10.7,-24.5,-14.9,-9.1,-14.2,-14.8,-14.9
Ylitornio,976,-7,-9.9,-1.8,-1,-10,-19.6,-17,-8.8,-15.8,-11.6,-16.4,-19.9,-1.5,3.4,-5.9,-9.8,-8.2,-21.1,-9.2,-2.7,-15.1,-10.7,-7.6,-7.1,-20.4,-2.8,-13.2,-9.9,-15.5,-15.1,4.1,0.3,-3.4,1.6,1.3
Ylivieska,977,-2.6,9.9,1.9,-3.6,-2.3,-8.9,-10.3,-9.4,-10.8,-1.4,-9,-5,-7.8,-6.3,6.5,1.8,2.6,-0.7,3.4,-3.8,4.4,7.6,8.9,5.3,4.2,-2,1.9,-1.1,-6.4,-0.5,-0.9,0.1,-5.3,0.8,0.6
Ylöjärvi,980,6.4,3.6,0.3,1.7,-4.5,-5.1,4.9,-0.7,5.1,4.9,4.4,11.7,4.6,9.4,16.8,18.9,12.1,14.2,10.3,3.4,2.9,5.6,7.7,1,10,7.7,-1.3,-1.9,0.5,3.1,0.9,0.6,-0.3,-0.7,-1.5
Ypäjä,981,3.2,5.4,4.3,-6.1,-1.1,2.9,11.9,1.8,5,-1.1,-9.1,-4,-16.4,14.6,2.2,4.1,-6,-3,-4.2,-8.8,-2.3,-3.9,-9.9,-4.4,0.8,-18.5,-4.6,2.9,2.1,-2.1,-4.3,-5.7,-11.1,0.9,-2.3
Ähtäri,989,-4.9,-4.7,1,-6.1,-7.9,-8.9,-6.9,-7,-5,-15.4,-6.1,-9.2,-7.6,-7.4,-5,-8.8,-0.6,-11.6,-19,-5.3,-5.7,-6.8,-5.5,-10.4,-10,-15.2,-7.3,-8.1,-22.4,-8,-5.6,-0.2,-4,-12.1,-7.2
Äänekoski,992,-2.5,-0.1,-6.5,-0.9,-3.2,-3.6,-4.9,-6.4,-2.4,-5,-9.5,-8.8,-6.3,-0.8,-5,-4.3,-2.9,1.4,-3.4,-4.3,-0.4,2.9,-3.3,-9.1,-6.6,-11.6,-11.9,-9.2,-9.6,-1.6,-6.3,-9.2,-3.6,-7.8,-12.5
